defender rewards,defender penalties
[44.75014742 17.26701046 41.24022703  3.04313466],[ 6.27517732 30.15755115 26.96105075 21.521564  ]
iteration,action list,network estimate list,action chosen,opponent action
1,"[[1, 0, 0, 0], [0, 1, 0, 0], [0, 0, 1, 0], [0, 0, 0, 1]]","[-0.06188282370567322, -0.06188282370567322, -0.06188282370567322, -0.06188282370567322]","[1, 0, 0, 0]","[0, 1, 1, 0]"
2,"[[0, 1, 0, 0], [0, 0, 1, 0], [0, 0, 0, 1]]","[-0.06188282370567322, -0.06188282370567322, -0.06188282370567322]","[0, 1, 0, 0]","[0, 1, 1, 0]"
3,"[[0, 0, 1, 0], [0, 0, 0, 1]]","[-0.06188282370567322, -0.06188282370567322]","[0, 0, 1, 0]","[0, 0, 1, 0]"
4,"[[1, 0, 0, 0], [0, 1, 0, 0], [0, 0, 1, 0], [0, 0, 0, 1]]","[-0.06188282370567322, -0.06188282370567322, -0.06188282370567322, -0.06188282370567322]","[1, 0, 0, 0]","[0, 1, 1, 0]"
5,"[[0, 1, 0, 0], [0, 0, 1, 0], [0, 0, 0, 1]]","[-0.06188282370567322, -0.06188282370567322, -0.06188282370567322]","[0, 1, 0, 0]","[0, 1, 1, 0]"
6,"[[0, 0, 1, 0], [0, 0, 0, 1]]","[-0.06188282370567322, -0.06188282370567322]","[0, 0, 1, 0]","[0, 0, 1, 0]"
7,"[[1, 0, 0, 0], [0, 1, 0, 0], [0, 0, 1, 0], [0, 0, 0, 1]]","[-0.06188282370567322, -0.06188282370567322, -0.06188282370567322, -0.06188282370567322]","[1, 0, 0, 0]","[0, 1, 1, 0]"
8,"[[0, 1, 0, 0], [0, 0, 1, 0], [0, 0, 0, 1]]","[-0.06188282370567322, -0.06188282370567322, -0.06188282370567322]","[0, 1, 0, 0]","[0, 1, 1, 0]"
9,"[[0, 0, 1, 0], [0, 0, 0, 1]]","[-0.06188282370567322, -0.06188282370567322]","[0, 0, 1, 0]","[0, 0, 1, 0]"
10,"[[1, 0, 0, 0], [0, 1, 0, 0], [0, 0, 1, 0], [0, 0, 0, 1]]","[-0.06188282370567322, -0.06188282370567322, -0.06188282370567322, -0.06188282370567322]","[1, 0, 0, 0]","[0, 1, 1, 0]"
11,"[[0, 1, 0, 0], [0, 0, 1, 0], [0, 0, 0, 1]]","[-0.06188282370567322, -0.06188282370567322, -0.06188282370567322]","[0, 1, 0, 0]","[0, 1, 1, 0]"
12,"[[0, 0, 1, 0], [0, 0, 0, 1]]","[-0.06188282370567322, -0.06188282370567322]","[0, 0, 1, 0]","[0, 0, 1, 0]"
13,"[[1, 0, 0, 0], [0, 1, 0, 0], [0, 0, 1, 0], [0, 0, 0, 1]]","[-0.06188282370567322, -0.06188282370567322, -0.06188282370567322, -0.06188282370567322]","[1, 0, 0, 0]","[0, 1, 1, 0]"
14,"[[0, 1, 0, 0], [0, 0, 1, 0], [0, 0, 0, 1]]","[-0.06188282370567322, -0.06188282370567322, -0.06188282370567322]","[0, 1, 0, 0]","[0, 1, 1, 0]"
15,"[[0, 0, 1, 0], [0, 0, 0, 1]]","[-0.06188282370567322, -0.06188282370567322]","[0, 0, 1, 0]","[0, 0, 1, 0]"
16,"[[1, 0, 0, 0], [0, 1, 0, 0], [0, 0, 1, 0], [0, 0, 0, 1]]","[-0.06188282370567322, -0.06188282370567322, -0.06188282370567322, -0.06188282370567322]","[1, 0, 0, 0]","[0, 1, 1, 0]"
17,"[[0, 1, 0, 0], [0, 0, 1, 0], [0, 0, 0, 1]]","[-0.06188282370567322, -0.06188282370567322, -0.06188282370567322]","[0, 1, 0, 0]","[0, 1, 1, 0]"
18,"[[0, 0, 1, 0], [0, 0, 0, 1]]","[-0.06188282370567322, -0.06188282370567322]","[0, 0, 1, 0]","[0, 0, 1, 0]"
19,"[[1, 0, 0, 0], [0, 1, 0, 0], [0, 0, 1, 0], [0, 0, 0, 1]]","[-0.06188282370567322, -0.06188282370567322, -0.06188282370567322, -0.06188282370567322]","[1, 0, 0, 0]","[0, 1, 1, 0]"
20,"[[0, 1, 0, 0], [0, 0, 1, 0], [0, 0, 0, 1]]","[-0.06188282370567322, -0.06188282370567322, -0.06188282370567322]","[0, 1, 0, 0]","[0, 1, 1, 0]"
21,"[[0, 0, 1, 0], [0, 0, 0, 1]]","[-0.06188282370567322, -0.06188282370567322]","[0, 0, 1, 0]","[0, 0, 1, 0]"
22,"[[1, 0, 0, 0], [0, 1, 0, 0], [0, 0, 1, 0], [0, 0, 0, 1]]","[-0.06188282370567322, -0.06188282370567322, -0.06188282370567322, -0.06188282370567322]","[1, 0, 0, 0]","[0, 1, 1, 0]"
23,"[[0, 1, 0, 0], [0, 0, 1, 0], [0, 0, 0, 1]]","[-0.06188282370567322, -0.06188282370567322, -0.06188282370567322]","[0, 1, 0, 0]","[0, 1, 1, 0]"
24,"[[0, 0, 1, 0], [0, 0, 0, 1]]","[-0.06188282370567322, -0.06188282370567322]","[0, 0, 1, 0]","[0, 0, 1, 0]"
25,"[[1, 0, 0, 0], [0, 1, 0, 0], [0, 0, 1, 0], [0, 0, 0, 1]]","[-0.06188282370567322, -0.06188282370567322, -0.06188282370567322, -0.06188282370567322]","[1, 0, 0, 0]","[0, 1, 1, 0]"
26,"[[0, 1, 0, 0], [0, 0, 1, 0], [0, 0, 0, 1]]","[-0.06188282370567322, -0.06188282370567322, -0.06188282370567322]","[0, 1, 0, 0]","[0, 1, 1, 0]"
27,"[[0, 0, 1, 0], [0, 0, 0, 1]]","[-0.06188282370567322, -0.06188282370567322]","[0, 0, 1, 0]","[0, 0, 1, 0]"
28,"[[1, 0, 0, 0], [0, 1, 0, 0], [0, 0, 1, 0], [0, 0, 0, 1]]","[-0.06188282370567322, -0.06188282370567322, -0.06188282370567322, -0.06188282370567322]","[1, 0, 0, 0]","[0, 1, 1, 0]"
29,"[[0, 1, 0, 0], [0, 0, 1, 0], [0, 0, 0, 1]]","[-0.06188282370567322, -0.06188282370567322, -0.06188282370567322]","[0, 1, 0, 0]","[0, 1, 1, 0]"
30,"[[0, 0, 1, 0], [0, 0, 0, 1]]","[-0.06188282370567322, -0.06188282370567322]","[0, 0, 1, 0]","[0, 0, 1, 0]"
31,"[[1, 0, 0, 0], [0, 1, 0, 0], [0, 0, 1, 0], [0, 0, 0, 1]]","[-0.06188282370567322, -0.06188282370567322, -0.06188282370567322, -0.06188282370567322]","[1, 0, 0, 0]","[0, 1, 1, 0]"
32,"[[0, 1, 0, 0], [0, 0, 1, 0], [0, 0, 0, 1]]","[-0.06188282370567322, -0.06188282370567322, -0.06188282370567322]","[0, 1, 0, 0]","[0, 1, 1, 0]"
33,"[[0, 0, 1, 0], [0, 0, 0, 1]]","[-0.06188282370567322, -0.06188282370567322]","[0, 0, 1, 0]","[0, 0, 1, 0]"
34,"[[1, 0, 0, 0], [0, 1, 0, 0], [0, 0, 1, 0], [0, 0, 0, 1]]","[-0.06188282370567322, -0.06188282370567322, -0.06188282370567322, -0.06188282370567322]","[1, 0, 0, 0]","[0, 1, 1, 0]"
35,"[[0, 1, 0, 0], [0, 0, 1, 0], [0, 0, 0, 1]]","[-0.06188282370567322, -0.06188282370567322, -0.06188282370567322]","[0, 1, 0, 0]","[0, 1, 1, 0]"
36,"[[0, 0, 1, 0], [0, 0, 0, 1]]","[-0.06188282370567322, -0.06188282370567322]","[0, 0, 1, 0]","[0, 0, 1, 0]"
37,"[[1, 0, 0, 0], [0, 1, 0, 0], [0, 0, 1, 0], [0, 0, 0, 1]]","[-0.06188282370567322, -0.06188282370567322, -0.06188282370567322, -0.06188282370567322]","[1, 0, 0, 0]","[0, 1, 1, 0]"
38,"[[0, 1, 0, 0], [0, 0, 1, 0], [0, 0, 0, 1]]","[-0.06188282370567322, -0.06188282370567322, -0.06188282370567322]","[0, 1, 0, 0]","[0, 1, 1, 0]"
39,"[[0, 0, 1, 0], [0, 0, 0, 1]]","[-0.06188282370567322, -0.06188282370567322]","[0, 0, 1, 0]","[0, 0, 1, 0]"
40,"[[1, 0, 0, 0], [0, 1, 0, 0], [0, 0, 1, 0], [0, 0, 0, 1]]","[-0.06188282370567322, -0.06188282370567322, -0.06188282370567322, -0.06188282370567322]","[1, 0, 0, 0]","[0, 1, 1, 0]"
41,"[[0, 1, 0, 0], [0, 0, 1, 0], [0, 0, 0, 1]]","[-0.06188282370567322, -0.06188282370567322, -0.06188282370567322]","[0, 1, 0, 0]","[0, 1, 1, 0]"
42,"[[0, 0, 1, 0], [0, 0, 0, 1]]","[-0.06188282370567322, -0.06188282370567322]","[0, 0, 1, 0]","[0, 0, 1, 0]"
43,"[[1, 0, 0, 0], [0, 1, 0, 0], [0, 0, 1, 0], [0, 0, 0, 1]]","[-0.06188282370567322, -0.06188282370567322, -0.06188282370567322, -0.06188282370567322]","[1, 0, 0, 0]","[0, 1, 1, 0]"
44,"[[0, 1, 0, 0], [0, 0, 1, 0], [0, 0, 0, 1]]","[-0.06188282370567322, -0.06188282370567322, -0.06188282370567322]","[0, 1, 0, 0]","[0, 1, 1, 0]"
45,"[[0, 0, 1, 0], [0, 0, 0, 1]]","[-0.06188282370567322, -0.06188282370567322]","[0, 0, 1, 0]","[0, 0, 1, 0]"
46,"[[1, 0, 0, 0], [0, 1, 0, 0], [0, 0, 1, 0], [0, 0, 0, 1]]","[-0.06188282370567322, -0.06188282370567322, -0.06188282370567322, -0.06188282370567322]","[1, 0, 0, 0]","[0, 1, 1, 0]"
47,"[[0, 1, 0, 0], [0, 0, 1, 0], [0, 0, 0, 1]]","[-0.06188282370567322, -0.06188282370567322, -0.06188282370567322]","[0, 1, 0, 0]","[0, 1, 1, 0]"
48,"[[0, 0, 1, 0], [0, 0, 0, 1]]","[-0.06188282370567322, -0.06188282370567322]","[0, 0, 1, 0]","[0, 0, 1, 0]"
49,"[[1, 0, 0, 0], [0, 1, 0, 0], [0, 0, 1, 0], [0, 0, 0, 1]]","[-0.06188282370567322, -0.06188282370567322, -0.06188282370567322, -0.06188282370567322]","[1, 0, 0, 0]","[0, 1, 1, 0]"
50,"[[0, 1, 0, 0], [0, 0, 1, 0], [0, 0, 0, 1]]","[-0.06188282370567322, -0.06188282370567322, -0.06188282370567322]","[0, 1, 0, 0]","[0, 1, 1, 0]"
51,"[[0, 0, 1, 0], [0, 0, 0, 1]]","[-0.06189282238483429, -0.06189282238483429]","[0, 0, 1, 0]","[0, 0, 1, 0]"
52,"[[1, 0, 0, 0], [0, 1, 0, 0], [0, 0, 1, 0], [0, 0, 0, 1]]","[-0.06190282851457596, -0.06190282851457596, -0.06190282851457596, -0.06190282851457596]","[1, 0, 0, 0]","[0, 1, 1, 0]"
53,"[[0, 1, 0, 0], [0, 0, 1, 0], [0, 0, 0, 1]]","[-0.06191280111670494, -0.06191280111670494, -0.06191280111670494]","[0, 1, 0, 0]","[0, 1, 1, 0]"
54,"[[0, 0, 1, 0], [0, 0, 0, 1]]","[-0.06192278489470482, -0.06192278489470482]","[0, 0, 1, 0]","[0, 0, 1, 0]"
55,"[[1, 0, 0, 0], [0, 1, 0, 0], [0, 0, 1, 0], [0, 0, 0, 1]]","[-0.061932798475027084, -0.061932798475027084, -0.061932798475027084, -0.061932798475027084]","[1, 0, 0, 0]","[0, 1, 1, 0]"
56,"[[0, 1, 0, 0], [0, 0, 1, 0], [0, 0, 0, 1]]","[-0.06194280460476875, -0.06194280460476875, -0.06194280460476875]","[0, 1, 0, 0]","[0, 1, 1, 0]"
57,"[[0, 0, 1, 0], [0, 0, 0, 1]]","[-0.06195284426212311, -0.06195284426212311]","[0, 0, 1, 0]","[0, 0, 1, 0]"
58,"[[1, 0, 0, 0], [0, 1, 0, 0], [0, 0, 1, 0], [0, 0, 0, 1]]","[-0.061962854117155075, -0.061962854117155075, -0.061962854117155075, -0.061962854117155075]","[1, 0, 0, 0]","[0, 1, 1, 0]"
59,"[[0, 1, 0, 0], [0, 0, 1, 0], [0, 0, 0, 1]]","[-0.061972856521606445, -0.061972856521606445, -0.061972856521606445]","[0, 1, 0, 0]","[0, 1, 1, 0]"
60,"[[0, 0, 1, 0], [0, 0, 0, 1]]","[-0.06198285520076752, -0.06198285520076752]","[0, 0, 1, 0]","[0, 0, 1, 0]"
61,"[[1, 0, 0, 0], [0, 1, 0, 0], [0, 0, 1, 0], [0, 0, 0, 1]]","[-0.061992861330509186, -0.061992861330509186, -0.061992861330509186, -0.061992861330509186]","[1, 0, 0, 0]","[0, 1, 1, 0]"
62,"[[0, 1, 0, 0], [0, 0, 1, 0], [0, 0, 0, 1]]","[-0.06200287491083145, -0.06200287491083145, -0.06200287491083145]","[0, 1, 0, 0]","[0, 1, 1, 0]"
63,"[[0, 0, 1, 0], [0, 0, 0, 1]]","[-0.062012866139411926, -0.062012866139411926]","[0, 0, 1, 0]","[0, 0, 1, 0]"
64,"[[1, 0, 0, 0], [0, 1, 0, 0], [0, 0, 1, 0], [0, 0, 0, 1]]","[-0.062022868543863297, -0.062022868543863297, -0.062022868543863297, -0.062022868543863297]","[1, 0, 0, 0]","[0, 1, 1, 0]"
65,"[[0, 1, 0, 0], [0, 0, 1, 0], [0, 0, 0, 1]]","[-0.062032897025346756, -0.062032897025346756, -0.062032897025346756]","[0, 1, 0, 0]","[0, 1, 1, 0]"
66,"[[0, 0, 1, 0], [0, 0, 0, 1]]","[-0.062042977660894394, -0.062042977660894394]","[0, 0, 1, 0]","[0, 0, 1, 0]"
67,"[[1, 0, 0, 0], [0, 1, 0, 0], [0, 0, 1, 0], [0, 0, 0, 1]]","[-0.062052980065345764, -0.062052980065345764, -0.062052980065345764, -0.062052980065345764]","[1, 0, 0, 0]","[0, 1, 1, 0]"
68,"[[0, 1, 0, 0], [0, 0, 1, 0], [0, 0, 0, 1]]","[-0.062063008546829224, -0.062063008546829224, -0.062063008546829224]","[0, 1, 0, 0]","[0, 1, 1, 0]"
69,"[[0, 0, 1, 0], [0, 0, 0, 1]]","[-0.06207302212715149, -0.06207302212715149]","[0, 0, 1, 0]","[0, 0, 1, 0]"
70,"[[1, 0, 0, 0], [0, 1, 0, 0], [0, 0, 1, 0], [0, 0, 0, 1]]","[-0.06208307668566704, -0.06208307668566704, -0.06208307668566704, -0.06208307668566704]","[1, 0, 0, 0]","[0, 1, 1, 0]"
71,"[[0, 1, 0, 0], [0, 0, 1, 0], [0, 0, 0, 1]]","[-0.06209314614534378, -0.06209314614534378, -0.06209314614534378]","[0, 1, 0, 0]","[0, 1, 1, 0]"
72,"[[0, 0, 1, 0], [0, 0, 0, 1]]","[-0.06210323050618172, -0.06210323050618172]","[0, 0, 1, 0]","[0, 0, 1, 0]"
73,"[[1, 0, 0, 0], [0, 1, 0, 0], [0, 0, 1, 0], [0, 0, 0, 1]]","[-0.06211323291063309, -0.06211323291063309, -0.06211323291063309, -0.06211323291063309]","[1, 0, 0, 0]","[0, 1, 1, 0]"
74,"[[0, 1, 0, 0], [0, 0, 1, 0], [0, 0, 0, 1]]","[-0.06212329491972923, -0.06212329491972923, -0.06212329491972923]","[0, 1, 0, 0]","[0, 1, 1, 0]"
75,"[[0, 0, 1, 0], [0, 0, 0, 1]]","[-0.0621333010494709, -0.0621333010494709]","[0, 0, 1, 0]","[0, 0, 1, 0]"
76,"[[1, 0, 0, 0], [0, 1, 0, 0], [0, 0, 1, 0], [0, 0, 0, 1]]","[-0.06214338168501854, -0.06214338168501854, -0.06214338168501854, -0.06214338168501854]","[1, 0, 0, 0]","[0, 1, 1, 0]"
77,"[[0, 1, 0, 0], [0, 0, 1, 0], [0, 0, 0, 1]]","[-0.06215351074934006, -0.06215351074934006, -0.06215351074934006]","[0, 1, 0, 0]","[0, 1, 1, 0]"
78,"[[0, 0, 1, 0], [0, 0, 0, 1]]","[-0.06216380000114441, -0.06216380000114441]","[0, 0, 1, 0]","[0, 0, 1, 0]"
79,"[[1, 0, 0, 0], [0, 1, 0, 0], [0, 0, 1, 0], [0, 0, 0, 1]]","[-0.062174052000045776, -0.062174052000045776, -0.062174052000045776, -0.062174052000045776]","[1, 0, 0, 0]","[0, 1, 1, 0]"
80,"[[0, 1, 0, 0], [0, 0, 1, 0], [0, 0, 0, 1]]","[-0.062184229493141174, -0.062184229493141174, -0.062184229493141174]","[0, 1, 0, 0]","[0, 1, 1, 0]"
81,"[[0, 0, 1, 0], [0, 0, 0, 1]]","[-0.062194403260946274, -0.062194403260946274]","[0, 0, 1, 0]","[0, 0, 1, 0]"
82,"[[1, 0, 0, 0], [0, 1, 0, 0], [0, 0, 1, 0], [0, 0, 0, 1]]","[-0.06220453232526779, -0.06220453232526779, -0.06220453232526779, -0.06220453232526779]","[1, 0, 0, 0]","[0, 1, 1, 0]"
83,"[[0, 1, 0, 0], [0, 0, 1, 0], [0, 0, 0, 1]]","[-0.06221464276313782, -0.06221464276313782, -0.06221464276313782]","[0, 1, 0, 0]","[0, 1, 1, 0]"
84,"[[0, 0, 1, 0], [0, 0, 0, 1]]","[-0.06222475692629814, -0.06222475692629814]","[0, 0, 1, 0]","[0, 0, 1, 0]"
85,"[[1, 0, 0, 0], [0, 1, 0, 0], [0, 0, 1, 0], [0, 0, 0, 1]]","[-0.06223481148481369, -0.06223481148481369, -0.06223481148481369, -0.06223481148481369]","[1, 0, 0, 0]","[0, 1, 1, 0]"
86,"[[0, 1, 0, 0], [0, 0, 1, 0], [0, 0, 0, 1]]","[-0.06224489584565163, -0.06224489584565163, -0.06224489584565163]","[0, 1, 0, 0]","[0, 1, 1, 0]"
87,"[[0, 0, 1, 0], [0, 0, 0, 1]]","[-0.06225498765707016, -0.06225498765707016]","[0, 0, 1, 0]","[0, 0, 1, 0]"
88,"[[1, 0, 0, 0], [0, 1, 0, 0], [0, 0, 1, 0], [0, 0, 0, 1]]","[-0.062264978885650635, -0.062264978885650635, -0.062264978885650635, -0.062264978885650635]","[1, 0, 0, 0]","[0, 1, 1, 0]"
89,"[[0, 1, 0, 0], [0, 0, 1, 0], [0, 0, 0, 1]]","[-0.062274884432554245, -0.062274884432554245, -0.062274884432554245]","[0, 1, 0, 0]","[0, 1, 1, 0]"
90,"[[0, 0, 1, 0], [0, 0, 0, 1]]","[-0.06228473410010338, -0.06228473410010338]","[0, 0, 1, 0]","[0, 0, 1, 0]"
91,"[[1, 0, 0, 0], [0, 1, 0, 0], [0, 0, 1, 0], [0, 0, 0, 1]]","[-0.06229463964700699, -0.06229463964700699, -0.06229463964700699, -0.06229463964700699]","[1, 0, 0, 0]","[0, 1, 1, 0]"
92,"[[0, 1, 0, 0], [0, 0, 1, 0], [0, 0, 0, 1]]","[-0.06230461597442627, -0.06230461597442627, -0.06230461597442627]","[0, 1, 0, 0]","[0, 1, 1, 0]"
93,"[[0, 0, 1, 0], [0, 0, 0, 1]]","[-0.062314633280038834, -0.062314633280038834]","[0, 0, 1, 0]","[0, 0, 1, 0]"
94,"[[1, 0, 0, 0], [0, 1, 0, 0], [0, 0, 1, 0], [0, 0, 0, 1]]","[-0.06232457980513573, -0.06232457980513573, -0.06232457980513573, -0.06232457980513573]","[1, 0, 0, 0]","[0, 1, 1, 0]"
95,"[[0, 1, 0, 0], [0, 0, 1, 0], [0, 0, 0, 1]]","[-0.06233454868197441, -0.06233454868197441, -0.06233454868197441]","[0, 1, 0, 0]","[0, 1, 1, 0]"
96,"[[0, 0, 1, 0], [0, 0, 0, 1]]","[-0.06234472617506981, -0.06234472617506981]","[0, 0, 1, 0]","[0, 0, 1, 0]"
97,"[[1, 0, 0, 0], [0, 1, 0, 0], [0, 0, 1, 0], [0, 0, 0, 1]]","[-0.06235472112894058, -0.06235472112894058, -0.06235472112894058, -0.06235472112894058]","[1, 0, 0, 0]","[0, 1, 1, 0]"
98,"[[0, 1, 0, 0], [0, 0, 1, 0], [0, 0, 0, 1]]","[-0.06236453354358673, -0.06236453354358673, -0.06236453354358673]","[0, 1, 0, 0]","[0, 1, 1, 0]"
99,"[[0, 0, 1, 0], [0, 0, 0, 1]]","[-0.06237438693642616, -0.06237438693642616]","[0, 0, 1, 0]","[0, 0, 1, 0]"
100,"[[1, 0, 0, 0], [0, 1, 0, 0], [0, 0, 1, 0], [0, 0, 0, 1]]","[-0.06238440051674843, -0.06238440051674843, -0.06238440051674843, -0.06238440051674843]","[1, 0, 0, 0]","[0, 1, 1, 0]"
101,"[[0, 1, 0, 0], [0, 0, 1, 0], [0, 0, 0, 1]]","[-0.06239425018429756, -0.06239425018429756, -0.06239425018429756]","[0, 1, 0, 0]","[0, 1, 1, 0]"
102,"[[0, 0, 1, 0], [0, 0, 0, 1]]","[-0.0624040924012661, -0.0624040924012661]","[0, 0, 1, 0]","[0, 0, 1, 0]"
103,"[[1, 0, 0, 0], [0, 1, 0, 0], [0, 0, 1, 0], [0, 0, 0, 1]]","[-0.06241385638713837, -0.06241385638713837, -0.06241385638713837, -0.06241385638713837]","[1, 0, 0, 0]","[0, 1, 1, 0]"
104,"[[0, 1, 0, 0], [0, 0, 1, 0], [0, 0, 0, 1]]","[-0.06242353096604347, -0.06242353096604347, -0.06242353096604347]","[0, 1, 0, 0]","[0, 1, 1, 0]"
105,"[[0, 0, 1, 0], [0, 0, 0, 1]]","[-0.06243317201733589, -0.06243317201733589]","[0, 0, 1, 0]","[0, 0, 1, 0]"
106,"[[1, 0, 0, 0], [0, 1, 0, 0], [0, 0, 1, 0], [0, 0, 0, 1]]","[-0.06244271248579025, -0.06244271248579025, -0.06244271248579025, -0.06244271248579025]","[1, 0, 0, 0]","[0, 1, 1, 0]"
107,"[[0, 1, 0, 0], [0, 0, 1, 0], [0, 0, 0, 1]]","[-0.06245223432779312, -0.06245223432779312, -0.06245223432779312]","[0, 1, 0, 0]","[0, 1, 1, 0]"
108,"[[0, 0, 1, 0], [0, 0, 0, 1]]","[-0.062461741268634796, -0.062461741268634796]","[0, 0, 1, 0]","[0, 0, 1, 0]"
109,"[[1, 0, 0, 0], [0, 1, 0, 0], [0, 0, 1, 0], [0, 0, 0, 1]]","[-0.06247130408883095, -0.06247130408883095, -0.06247130408883095, -0.06247130408883095]","[1, 0, 0, 0]","[0, 1, 1, 0]"
110,"[[0, 1, 0, 0], [0, 0, 1, 0], [0, 0, 0, 1]]","[-0.062480825930833817, -0.062480825930833817, -0.062480825930833817]","[0, 1, 0, 0]","[0, 1, 1, 0]"
111,"[[0, 0, 1, 0], [0, 0, 0, 1]]","[-0.06249038130044937, -0.06249038130044937]","[0, 0, 1, 0]","[0, 0, 1, 0]"
112,"[[1, 0, 0, 0], [0, 1, 0, 0], [0, 0, 1, 0], [0, 0, 0, 1]]","[-0.06250003725290298, -0.06250003725290298, -0.06250003725290298, -0.06250003725290298]","[1, 0, 0, 0]","[0, 1, 1, 0]"
113,"[[0, 1, 0, 0], [0, 0, 1, 0], [0, 0, 0, 1]]","[-0.062509685754776, -0.062509685754776, -0.062509685754776]","[0, 1, 0, 0]","[0, 1, 1, 0]"
114,"[[0, 0, 1, 0], [0, 0, 0, 1]]","[-0.06251928955316544, -0.06251928955316544]","[0, 0, 1, 0]","[0, 0, 1, 0]"
115,"[[1, 0, 0, 0], [0, 1, 0, 0], [0, 0, 1, 0], [0, 0, 0, 1]]","[-0.0625288188457489, -0.0625288188457489, -0.0625288188457489, -0.0625288188457489]","[1, 0, 0, 0]","[0, 1, 1, 0]"
116,"[[0, 1, 0, 0], [0, 0, 1, 0], [0, 0, 0, 1]]","[-0.0625385046005249, -0.0625385046005249, -0.0625385046005249]","[0, 1, 0, 0]","[0, 1, 1, 0]"
117,"[[0, 0, 1, 0], [0, 0, 0, 1]]","[-0.06254808604717255, -0.06254808604717255]","[0, 0, 1, 0]","[0, 0, 1, 0]"
118,"[[1, 0, 0, 0], [0, 1, 0, 0], [0, 0, 1, 0], [0, 0, 0, 1]]","[-0.06255792826414108, -0.06255792826414108, -0.06255792826414108, -0.06255792826414108]","[1, 0, 0, 0]","[0, 1, 1, 0]"
119,"[[0, 1, 0, 0], [0, 0, 1, 0], [0, 0, 0, 1]]","[-0.06256777048110962, -0.06256777048110962, -0.06256777048110962]","[0, 1, 0, 0]","[0, 1, 1, 0]"
120,"[[0, 0, 1, 0], [0, 0, 0, 1]]","[-0.06257761269807816, -0.06257761269807816]","[0, 0, 1, 0]","[0, 0, 1, 0]"
121,"[[1, 0, 0, 0], [0, 1, 0, 0], [0, 0, 1, 0], [0, 0, 0, 1]]","[-0.06258747726678848, -0.06258747726678848, -0.06258747726678848, -0.06258747726678848]","[1, 0, 0, 0]","[0, 1, 1, 0]"
122,"[[0, 1, 0, 0], [0, 0, 1, 0], [0, 0, 0, 1]]","[-0.06259719282388687, -0.06259719282388687, -0.06259719282388687]","[0, 1, 0, 0]","[0, 1, 1, 0]"
123,"[[0, 0, 1, 0], [0, 0, 0, 1]]","[-0.06260697543621063, -0.06260697543621063]","[0, 0, 1, 0]","[0, 0, 1, 0]"
124,"[[1, 0, 0, 0], [0, 1, 0, 0], [0, 0, 1, 0], [0, 0, 0, 1]]","[-0.06261687725782394, -0.06261687725782394, -0.06261687725782394, -0.06261687725782394]","[1, 0, 0, 0]","[0, 1, 1, 0]"
125,"[[0, 1, 0, 0], [0, 0, 1, 0], [0, 0, 0, 1]]","[-0.06262677907943726, -0.06262677907943726, -0.06262677907943726]","[0, 1, 0, 0]","[0, 1, 1, 0]"
126,"[[0, 0, 1, 0], [0, 0, 0, 1]]","[-0.06263662874698639, -0.06263662874698639]","[0, 0, 1, 0]","[0, 0, 1, 0]"
127,"[[1, 0, 0, 0], [0, 1, 0, 0], [0, 0, 1, 0], [0, 0, 0, 1]]","[-0.06264638155698776, -0.06264638155698776, -0.06264638155698776, -0.06264638155698776]","[1, 0, 0, 0]","[0, 1, 1, 0]"
128,"[[0, 1, 0, 0], [0, 0, 1, 0], [0, 0, 0, 1]]","[-0.06265611946582794, -0.06265611946582794, -0.06265611946582794]","[0, 1, 0, 0]","[0, 1, 1, 0]"
129,"[[0, 0, 1, 0], [0, 0, 0, 1]]","[-0.06266599148511887, -0.06266599148511887]","[0, 0, 1, 0]","[0, 0, 1, 0]"
130,"[[1, 0, 0, 0], [0, 1, 0, 0], [0, 0, 1, 0], [0, 0, 0, 1]]","[-0.06267593055963516, -0.06267593055963516, -0.06267593055963516, -0.06267593055963516]","[1, 0, 0, 0]","[0, 1, 1, 0]"
131,"[[0, 1, 0, 0], [0, 0, 1, 0], [0, 0, 0, 1]]","[-0.062686026096344, -0.062686026096344, -0.062686026096344]","[0, 1, 0, 0]","[0, 1, 1, 0]"
132,"[[0, 0, 1, 0], [0, 0, 0, 1]]","[-0.06269604712724686, -0.06269604712724686]","[0, 0, 1, 0]","[0, 0, 1, 0]"
133,"[[1, 0, 0, 0], [0, 1, 0, 0], [0, 0, 1, 0], [0, 0, 0, 1]]","[-0.06270604580640793, -0.06270604580640793, -0.06270604580640793, -0.06270604580640793]","[1, 0, 0, 0]","[0, 1, 1, 0]"
134,"[[0, 1, 0, 0], [0, 0, 1, 0], [0, 0, 0, 1]]","[-0.06271583586931229, -0.06271583586931229, -0.06271583586931229]","[0, 1, 0, 0]","[0, 1, 1, 0]"
135,"[[0, 0, 1, 0], [0, 0, 0, 1]]","[-0.0627254843711853, -0.0627254843711853]","[0, 0, 1, 0]","[0, 0, 1, 0]"
136,"[[1, 0, 0, 0], [0, 1, 0, 0], [0, 0, 1, 0], [0, 0, 0, 1]]","[-0.06273515522480011, -0.06273515522480011, -0.06273515522480011, -0.06273515522480011]","[1, 0, 0, 0]","[0, 1, 1, 0]"
137,"[[0, 1, 0, 0], [0, 0, 1, 0], [0, 0, 0, 1]]","[-0.06274484843015671, -0.06274484843015671, -0.06274484843015671]","[0, 1, 0, 0]","[0, 1, 1, 0]"
138,"[[0, 0, 1, 0], [0, 0, 0, 1]]","[-0.0627545565366745, -0.0627545565366745]","[0, 0, 1, 0]","[0, 0, 1, 0]"
139,"[[1, 0, 0, 0], [0, 1, 0, 0], [0, 0, 1, 0], [0, 0, 0, 1]]","[-0.06276437640190125, -0.06276437640190125, -0.06276437640190125, -0.06276437640190125]","[1, 0, 0, 0]","[0, 1, 1, 0]"
140,"[[0, 1, 0, 0], [0, 0, 1, 0], [0, 0, 0, 1]]","[-0.0627741813659668, -0.0627741813659668, -0.0627741813659668]","[0, 1, 0, 0]","[0, 1, 1, 0]"
141,"[[0, 0, 1, 0], [0, 0, 0, 1]]","[-0.06278379261493683, -0.06278379261493683]","[0, 0, 1, 0]","[0, 0, 1, 0]"
142,"[[1, 0, 0, 0], [0, 1, 0, 0], [0, 0, 1, 0], [0, 0, 0, 1]]","[-0.0627933070063591, -0.0627933070063591, -0.0627933070063591, -0.0627933070063591]","[1, 0, 0, 0]","[0, 1, 1, 0]"
143,"[[0, 1, 0, 0], [0, 0, 1, 0], [0, 0, 0, 1]]","[-0.06280293315649033, -0.06280293315649033, -0.06280293315649033]","[0, 1, 0, 0]","[0, 1, 1, 0]"
144,"[[0, 0, 1, 0], [0, 0, 0, 1]]","[-0.06281251460313797, -0.06281251460313797]","[0, 0, 1, 0]","[0, 0, 1, 0]"
145,"[[1, 0, 0, 0], [0, 1, 0, 0], [0, 0, 1, 0], [0, 0, 0, 1]]","[-0.06282209604978561, -0.06282209604978561, -0.06282209604978561, -0.06282209604978561]","[1, 0, 0, 0]","[0, 1, 1, 0]"
146,"[[0, 1, 0, 0], [0, 0, 1, 0], [0, 0, 0, 1]]","[-0.06283171474933624, -0.06283171474933624, -0.06283171474933624]","[0, 1, 0, 0]","[0, 1, 1, 0]"
147,"[[0, 0, 1, 0], [0, 0, 0, 1]]","[-0.06284121423959732, -0.06284121423959732]","[0, 0, 1, 0]","[0, 0, 1, 0]"
148,"[[1, 0, 0, 0], [0, 1, 0, 0], [0, 0, 1, 0], [0, 0, 0, 1]]","[-0.06285065412521362, -0.06285065412521362, -0.06285065412521362, -0.06285065412521362]","[1, 0, 0, 0]","[0, 1, 1, 0]"
149,"[[0, 1, 0, 0], [0, 0, 1, 0], [0, 0, 0, 1]]","[-0.06286029517650604, -0.06286029517650604, -0.06286029517650604]","[0, 1, 0, 0]","[0, 1, 1, 0]"
150,"[[0, 0, 1, 0], [0, 0, 0, 1]]","[-0.06286998838186264, -0.06286998838186264]","[0, 0, 1, 0]","[0, 0, 1, 0]"
151,"[[1, 0, 0, 0], [0, 1, 0, 0], [0, 0, 1, 0], [0, 0, 0, 1]]","[-0.06287982314825058, -0.06287982314825058, -0.06287982314825058, -0.06287982314825058]","[1, 0, 0, 0]","[0, 1, 1, 0]"
152,"[[0, 1, 0, 0], [0, 0, 1, 0], [0, 0, 0, 1]]","[-0.062889464199543, -0.062889464199543, -0.062889464199543]","[0, 1, 0, 0]","[0, 1, 1, 0]"
153,"[[0, 0, 1, 0], [0, 0, 0, 1]]","[-0.06289897859096527, -0.06289897859096527]","[0, 0, 1, 0]","[0, 0, 1, 0]"
154,"[[1, 0, 0, 0], [0, 1, 0, 0], [0, 0, 1, 0], [0, 0, 0, 1]]","[-0.06290868669748306, -0.06290868669748306, -0.06290868669748306, -0.06290868669748306]","[1, 0, 0, 0]","[0, 1, 1, 0]"
155,"[[0, 1, 0, 0], [0, 0, 1, 0], [0, 0, 0, 1]]","[-0.0629185140132904, -0.0629185140132904, -0.0629185140132904]","[0, 1, 0, 0]","[0, 1, 1, 0]"
156,"[[0, 0, 1, 0], [0, 0, 0, 1]]","[-0.06292847543954849, -0.06292847543954849]","[0, 0, 1, 0]","[0, 0, 1, 0]"
157,"[[1, 0, 0, 0], [0, 1, 0, 0], [0, 0, 1, 0], [0, 0, 0, 1]]","[-0.06293835490942001, -0.06293835490942001, -0.06293835490942001, -0.06293835490942001]","[1, 0, 0, 0]","[0, 1, 1, 0]"
158,"[[0, 1, 0, 0], [0, 0, 1, 0], [0, 0, 0, 1]]","[-0.0629480853676796, -0.0629480853676796, -0.0629480853676796]","[0, 1, 0, 0]","[0, 1, 1, 0]"
159,"[[0, 0, 1, 0], [0, 0, 0, 1]]","[-0.06295783817768097, -0.06295783817768097]","[0, 0, 1, 0]","[0, 0, 1, 0]"
160,"[[1, 0, 0, 0], [0, 1, 0, 0], [0, 0, 1, 0], [0, 0, 0, 1]]","[-0.06296753138303757, -0.06296753138303757, -0.06296753138303757, -0.06296753138303757]","[1, 0, 0, 0]","[0, 1, 1, 0]"
161,"[[0, 1, 0, 0], [0, 0, 1, 0], [0, 0, 0, 1]]","[-0.06297722458839417, -0.06297722458839417, -0.06297722458839417]","[0, 1, 0, 0]","[0, 1, 1, 0]"
162,"[[0, 0, 1, 0], [0, 0, 0, 1]]","[-0.0629870668053627, -0.0629870668053627]","[0, 0, 1, 0]","[0, 0, 1, 0]"
163,"[[1, 0, 0, 0], [0, 1, 0, 0], [0, 0, 1, 0], [0, 0, 0, 1]]","[-0.06299696862697601, -0.06299696862697601, -0.06299696862697601, -0.06299696862697601]","[1, 0, 0, 0]","[0, 1, 1, 0]"
164,"[[0, 1, 0, 0], [0, 0, 1, 0], [0, 0, 0, 1]]","[-0.0630069449543953, -0.0630069449543953, -0.0630069449543953]","[0, 1, 0, 0]","[0, 1, 1, 0]"
165,"[[0, 0, 1, 0], [0, 0, 0, 1]]","[-0.06301689147949219, -0.06301689147949219]","[0, 0, 1, 0]","[0, 0, 1, 0]"
166,"[[1, 0, 0, 0], [0, 1, 0, 0], [0, 0, 1, 0], [0, 0, 0, 1]]","[-0.06302675604820251, -0.06302675604820251, -0.06302675604820251, -0.06302675604820251]","[1, 0, 0, 0]","[0, 1, 1, 0]"
167,"[[0, 1, 0, 0], [0, 0, 1, 0], [0, 0, 0, 1]]","[-0.06303655356168747, -0.06303655356168747, -0.06303655356168747]","[0, 1, 0, 0]","[0, 1, 1, 0]"
168,"[[0, 0, 1, 0], [0, 0, 0, 1]]","[-0.0630461573600769, -0.0630461573600769]","[0, 0, 1, 0]","[0, 0, 1, 0]"
169,"[[1, 0, 0, 0], [0, 1, 0, 0], [0, 0, 1, 0], [0, 0, 0, 1]]","[-0.06305569410324097, -0.06305569410324097, -0.06305569410324097, -0.06305569410324097]","[1, 0, 0, 0]","[0, 1, 1, 0]"
170,"[[0, 1, 0, 0], [0, 0, 1, 0], [0, 0, 0, 1]]","[-0.06306517124176025, -0.06306517124176025, -0.06306517124176025]","[0, 1, 0, 0]","[0, 1, 1, 0]"
171,"[[0, 0, 1, 0], [0, 0, 0, 1]]","[-0.06307472288608551, -0.06307472288608551]","[0, 0, 1, 0]","[0, 0, 1, 0]"
172,"[[1, 0, 0, 0], [0, 1, 0, 0], [0, 0, 1, 0], [0, 0, 0, 1]]","[-0.06308428943157196, -0.06308428943157196, -0.06308428943157196, -0.06308428943157196]","[1, 0, 0, 0]","[0, 1, 1, 0]"
173,"[[0, 1, 0, 0], [0, 0, 1, 0], [0, 0, 0, 1]]","[-0.06309384107589722, -0.06309384107589722, -0.06309384107589722]","[0, 1, 0, 0]","[0, 1, 1, 0]"
174,"[[0, 0, 1, 0], [0, 0, 0, 1]]","[-0.06310374289751053, -0.06310374289751053]","[0, 0, 1, 0]","[0, 0, 1, 0]"
175,"[[1, 0, 0, 0], [0, 1, 0, 0], [0, 0, 1, 0], [0, 0, 0, 1]]","[-0.06311361491680145, -0.06311361491680145, -0.06311361491680145, -0.06311361491680145]","[1, 0, 0, 0]","[0, 1, 1, 0]"
176,"[[0, 1, 0, 0], [0, 0, 1, 0], [0, 0, 0, 1]]","[-0.06312359869480133, -0.06312359869480133, -0.06312359869480133]","[0, 1, 0, 0]","[0, 1, 1, 0]"
177,"[[0, 0, 1, 0], [0, 0, 0, 1]]","[-0.06313373148441315, -0.06313373148441315]","[0, 0, 1, 0]","[0, 0, 1, 0]"
178,"[[1, 0, 0, 0], [0, 1, 0, 0], [0, 0, 1, 0], [0, 0, 0, 1]]","[-0.063143789768219, -0.063143789768219, -0.063143789768219, -0.063143789768219]","[1, 0, 0, 0]","[0, 1, 1, 0]"
179,"[[0, 1, 0, 0], [0, 0, 1, 0], [0, 0, 0, 1]]","[-0.06315378099679947, -0.06315378099679947, -0.06315378099679947]","[0, 1, 0, 0]","[0, 1, 1, 0]"
180,"[[0, 0, 1, 0], [0, 0, 0, 1]]","[-0.06316366791725159, -0.06316366791725159]","[0, 0, 1, 0]","[0, 0, 1, 0]"
181,"[[1, 0, 0, 0], [0, 1, 0, 0], [0, 0, 1, 0], [0, 0, 0, 1]]","[-0.06317365914583206, -0.06317365914583206, -0.06317365914583206, -0.06317365914583206]","[1, 0, 0, 0]","[0, 1, 1, 0]"
182,"[[0, 1, 0, 0], [0, 0, 1, 0], [0, 0, 0, 1]]","[-0.06318364292383194, -0.06318364292383194, -0.06318364292383194]","[0, 1, 0, 0]","[0, 1, 1, 0]"
183,"[[0, 0, 1, 0], [0, 0, 0, 1]]","[-0.06319354474544525, -0.06319354474544525]","[0, 0, 1, 0]","[0, 0, 1, 0]"
184,"[[1, 0, 0, 0], [0, 1, 0, 0], [0, 0, 1, 0], [0, 0, 0, 1]]","[-0.06320340186357498, -0.06320340186357498, -0.06320340186357498, -0.06320340186357498]","[1, 0, 0, 0]","[0, 1, 1, 0]"
185,"[[0, 1, 0, 0], [0, 0, 1, 0], [0, 0, 0, 1]]","[-0.06321334093809128, -0.06321334093809128, -0.06321334093809128]","[0, 1, 0, 0]","[0, 1, 1, 0]"
186,"[[0, 0, 1, 0], [0, 0, 0, 1]]","[-0.06322333216667175, -0.06322333216667175]","[0, 0, 1, 0]","[0, 0, 1, 0]"
187,"[[1, 0, 0, 0], [0, 1, 0, 0], [0, 0, 1, 0], [0, 0, 0, 1]]","[-0.06323328614234924, -0.06323328614234924, -0.06323328614234924, -0.06323328614234924]","[1, 0, 0, 0]","[0, 1, 1, 0]"
188,"[[0, 1, 0, 0], [0, 0, 1, 0], [0, 0, 0, 1]]","[-0.06324334442615509, -0.06324334442615509, -0.06324334442615509]","[0, 1, 0, 0]","[0, 1, 1, 0]"
189,"[[0, 0, 1, 0], [0, 0, 0, 1]]","[-0.06325351446866989, -0.06325351446866989]","[0, 0, 1, 0]","[0, 0, 1, 0]"
190,"[[1, 0, 0, 0], [0, 1, 0, 0], [0, 0, 1, 0], [0, 0, 0, 1]]","[-0.06326373666524887, -0.06326373666524887, -0.06326373666524887, -0.06326373666524887]","[1, 0, 0, 0]","[0, 1, 1, 0]"
191,"[[0, 1, 0, 0], [0, 0, 1, 0], [0, 0, 0, 1]]","[-0.06327405571937561, -0.06327405571937561, -0.06327405571937561]","[0, 1, 0, 0]","[0, 1, 1, 0]"
192,"[[0, 0, 1, 0], [0, 0, 0, 1]]","[-0.06328468769788742, -0.06328468769788742]","[0, 0, 1, 0]","[0, 0, 1, 0]"
193,"[[1, 0, 0, 0], [0, 1, 0, 0], [0, 0, 1, 0], [0, 0, 0, 1]]","[-0.06329536437988281, -0.06329536437988281, -0.06329536437988281, -0.06329536437988281]","[1, 0, 0, 0]","[0, 1, 1, 0]"
194,"[[0, 1, 0, 0], [0, 0, 1, 0], [0, 0, 0, 1]]","[-0.06330601125955582, -0.06330601125955582, -0.06330601125955582]","[0, 1, 0, 0]","[0, 1, 1, 0]"
195,"[[0, 0, 1, 0], [0, 0, 0, 1]]","[-0.063316710293293, -0.063316710293293]","[0, 0, 1, 0]","[0, 0, 1, 0]"
196,"[[1, 0, 0, 0], [0, 1, 0, 0], [0, 0, 1, 0], [0, 0, 0, 1]]","[-0.06332749873399734, -0.06332749873399734, -0.06332749873399734, -0.06332749873399734]","[1, 0, 0, 0]","[0, 1, 1, 0]"
197,"[[0, 1, 0, 0], [0, 0, 1, 0], [0, 0, 0, 1]]","[-0.06333813816308975, -0.06333813816308975, -0.06333813816308975]","[0, 1, 0, 0]","[0, 1, 1, 0]"
198,"[[0, 0, 1, 0], [0, 0, 0, 1]]","[-0.06334870308637619, -0.06334870308637619]","[0, 0, 1, 0]","[0, 0, 1, 0]"
199,"[[1, 0, 0, 0], [0, 1, 0, 0], [0, 0, 1, 0], [0, 0, 0, 1]]","[-0.06335923820734024, -0.06335923820734024, -0.06335923820734024, -0.06335923820734024]","[1, 0, 0, 0]","[0, 1, 1, 0]"
200,"[[0, 1, 0, 0], [0, 0, 1, 0], [0, 0, 0, 1]]","[-0.06336981058120728, -0.06336981058120728, -0.06336981058120728]","[0, 1, 0, 0]","[0, 1, 1, 0]"
201,"[[0, 0, 1, 0], [0, 0, 0, 1]]","[-0.06338053941726685, -0.06338053941726685]","[0, 0, 1, 0]","[0, 0, 1, 0]"
202,"[[1, 0, 0, 0], [0, 1, 0, 0], [0, 0, 1, 0], [0, 0, 0, 1]]","[-0.06339099258184433, -0.06339099258184433, -0.06339099258184433, -0.06339099258184433]","[1, 0, 0, 0]","[0, 1, 1, 0]"
203,"[[0, 1, 0, 0], [0, 0, 1, 0], [0, 0, 0, 1]]","[-0.06340135633945465, -0.06340135633945465, -0.06340135633945465]","[0, 1, 0, 0]","[0, 1, 1, 0]"
204,"[[0, 0, 1, 0], [0, 0, 0, 1]]","[-0.06341174244880676, -0.06341174244880676]","[0, 0, 1, 0]","[0, 0, 1, 0]"
205,"[[1, 0, 0, 0], [0, 1, 0, 0], [0, 0, 1, 0], [0, 0, 0, 1]]","[-0.06342209875583649, -0.06342209875583649, -0.06342209875583649, -0.06342209875583649]","[1, 0, 0, 0]","[0, 1, 1, 0]"
206,"[[0, 1, 0, 0], [0, 0, 1, 0], [0, 0, 0, 1]]","[-0.06343243271112442, -0.06343243271112442, -0.06343243271112442]","[0, 1, 0, 0]","[0, 1, 1, 0]"
207,"[[0, 0, 1, 0], [0, 0, 0, 1]]","[-0.06344278901815414, -0.06344278901815414]","[0, 0, 1, 0]","[0, 0, 1, 0]"
208,"[[1, 0, 0, 0], [0, 1, 0, 0], [0, 0, 1, 0], [0, 0, 0, 1]]","[-0.06345324218273163, -0.06345324218273163, -0.06345324218273163, -0.06345324218273163]","[1, 0, 0, 0]","[0, 1, 1, 0]"
209,"[[0, 1, 0, 0], [0, 0, 1, 0], [0, 0, 0, 1]]","[-0.06346393376588821, -0.06346393376588821, -0.06346393376588821]","[0, 1, 0, 0]","[0, 1, 1, 0]"
210,"[[0, 0, 1, 0], [0, 0, 0, 1]]","[-0.06347478926181793, -0.06347478926181793]","[0, 0, 1, 0]","[0, 0, 1, 0]"
211,"[[1, 0, 0, 0], [0, 1, 0, 0], [0, 0, 1, 0], [0, 0, 0, 1]]","[-0.06348545849323273, -0.06348545849323273, -0.06348545849323273, -0.06348545849323273]","[1, 0, 0, 0]","[0, 1, 1, 0]"
212,"[[0, 1, 0, 0], [0, 0, 1, 0], [0, 0, 0, 1]]","[-0.06349611282348633, -0.06349611282348633, -0.06349611282348633]","[0, 1, 0, 0]","[0, 1, 1, 0]"
213,"[[0, 0, 1, 0], [0, 0, 0, 1]]","[-0.06350690871477127, -0.06350690871477127]","[0, 0, 1, 0]","[0, 0, 1, 0]"
214,"[[1, 0, 0, 0], [0, 1, 0, 0], [0, 0, 1, 0], [0, 0, 0, 1]]","[-0.06351762264966965, -0.06351762264966965, -0.06351762264966965, -0.06351762264966965]","[1, 0, 0, 0]","[0, 1, 1, 0]"
215,"[[0, 1, 0, 0], [0, 0, 1, 0], [0, 0, 0, 1]]","[-0.06352841854095459, -0.06352841854095459, -0.06352841854095459]","[0, 1, 0, 0]","[0, 1, 1, 0]"
216,"[[0, 0, 1, 0], [0, 0, 0, 1]]","[-0.06353913247585297, -0.06353913247585297]","[0, 0, 1, 0]","[0, 0, 1, 0]"
217,"[[1, 0, 0, 0], [0, 1, 0, 0], [0, 0, 1, 0], [0, 0, 0, 1]]","[-0.06354964524507523, -0.06354964524507523, -0.06354964524507523, -0.06354964524507523]","[1, 0, 0, 0]","[0, 1, 1, 0]"
218,"[[0, 1, 0, 0], [0, 0, 1, 0], [0, 0, 0, 1]]","[-0.06356003135442734, -0.06356003135442734, -0.06356003135442734]","[0, 1, 0, 0]","[0, 1, 1, 0]"
219,"[[0, 0, 1, 0], [0, 0, 0, 1]]","[-0.06357025355100632, -0.06357025355100632]","[0, 0, 1, 0]","[0, 0, 1, 0]"
220,"[[1, 0, 0, 0], [0, 1, 0, 0], [0, 0, 1, 0], [0, 0, 0, 1]]","[-0.06358030438423157, -0.06358030438423157, -0.06358030438423157, -0.06358030438423157]","[1, 0, 0, 0]","[0, 1, 1, 0]"
221,"[[0, 1, 0, 0], [0, 0, 1, 0], [0, 0, 0, 1]]","[-0.06359037756919861, -0.06359037756919861, -0.06359037756919861]","[0, 1, 0, 0]","[0, 1, 1, 0]"
222,"[[0, 0, 1, 0], [0, 0, 0, 1]]","[-0.06360047310590744, -0.06360047310590744]","[0, 0, 1, 0]","[0, 0, 1, 0]"
223,"[[1, 0, 0, 0], [0, 1, 0, 0], [0, 0, 1, 0], [0, 0, 0, 1]]","[-0.0636105090379715, -0.0636105090379715, -0.0636105090379715, -0.0636105090379715]","[1, 0, 0, 0]","[0, 1, 1, 0]"
224,"[[0, 1, 0, 0], [0, 0, 1, 0], [0, 0, 0, 1]]","[-0.06362047046422958, -0.06362047046422958, -0.06362047046422958]","[0, 1, 0, 0]","[0, 1, 1, 0]"
225,"[[0, 0, 1, 0], [0, 0, 0, 1]]","[-0.06363028287887573, -0.06363028287887573]","[0, 0, 1, 0]","[0, 0, 1, 0]"
226,"[[1, 0, 0, 0], [0, 1, 0, 0], [0, 0, 1, 0], [0, 0, 0, 1]]","[-0.06364014744758606, -0.06364014744758606, -0.06364014744758606, -0.06364014744758606]","[1, 0, 0, 0]","[0, 1, 1, 0]"
227,"[[0, 1, 0, 0], [0, 0, 1, 0], [0, 0, 0, 1]]","[-0.06365000456571579, -0.06365000456571579, -0.06365000456571579]","[0, 1, 0, 0]","[0, 1, 1, 0]"
228,"[[0, 0, 1, 0], [0, 0, 0, 1]]","[-0.06366005539894104, -0.06366005539894104]","[0, 0, 1, 0]","[0, 0, 1, 0]"
229,"[[1, 0, 0, 0], [0, 1, 0, 0], [0, 0, 1, 0], [0, 0, 0, 1]]","[-0.06366991996765137, -0.06366991996765137, -0.06366991996765137, -0.06366991996765137]","[1, 0, 0, 0]","[0, 1, 1, 0]"
230,"[[0, 1, 0, 0], [0, 0, 1, 0], [0, 0, 0, 1]]","[-0.0636795163154602, -0.0636795163154602, -0.0636795163154602]","[0, 1, 0, 0]","[0, 1, 1, 0]"
231,"[[0, 0, 1, 0], [0, 0, 0, 1]]","[-0.06368934363126755, -0.06368934363126755]","[0, 0, 1, 0]","[0, 0, 1, 0]"
232,"[[1, 0, 0, 0], [0, 1, 0, 0], [0, 0, 1, 0], [0, 0, 0, 1]]","[-0.06369918584823608, -0.06369918584823608, -0.06369918584823608, -0.06369918584823608]","[1, 0, 0, 0]","[0, 1, 1, 0]"
233,"[[0, 1, 0, 0], [0, 0, 1, 0], [0, 0, 0, 1]]","[-0.06370878964662552, -0.06370878964662552, -0.06370878964662552]","[0, 1, 0, 0]","[0, 1, 1, 0]"
234,"[[0, 0, 1, 0], [0, 0, 0, 1]]","[-0.06371831148862839, -0.06371831148862839]","[0, 0, 1, 0]","[0, 0, 1, 0]"
235,"[[1, 0, 0, 0], [0, 1, 0, 0], [0, 0, 1, 0], [0, 0, 0, 1]]","[-0.06372788548469543, -0.06372788548469543, -0.06372788548469543, -0.06372788548469543]","[1, 0, 0, 0]","[0, 1, 1, 0]"
236,"[[0, 1, 0, 0], [0, 0, 1, 0], [0, 0, 0, 1]]","[-0.06373748183250427, -0.06373748183250427, -0.06373748183250427]","[0, 1, 0, 0]","[0, 1, 1, 0]"
237,"[[0, 0, 1, 0], [0, 0, 0, 1]]","[-0.06374707818031311, -0.06374707818031311]","[0, 0, 1, 0]","[0, 0, 1, 0]"
238,"[[1, 0, 0, 0], [0, 1, 0, 0], [0, 0, 1, 0], [0, 0, 0, 1]]","[-0.06375666707754135, -0.06375666707754135, -0.06375666707754135, -0.06375666707754135]","[1, 0, 0, 0]","[0, 1, 1, 0]"
239,"[[0, 1, 0, 0], [0, 0, 1, 0], [0, 0, 0, 1]]","[-0.06376630067825317, -0.06376630067825317, -0.06376630067825317]","[0, 1, 0, 0]","[0, 1, 1, 0]"
240,"[[0, 0, 1, 0], [0, 0, 0, 1]]","[-0.06377585232257843, -0.06377585232257843]","[0, 0, 1, 0]","[0, 0, 1, 0]"
241,"[[1, 0, 0, 0], [0, 1, 0, 0], [0, 0, 1, 0], [0, 0, 0, 1]]","[-0.06378540396690369, -0.06378540396690369, -0.06378540396690369, -0.06378540396690369]","[1, 0, 0, 0]","[0, 1, 1, 0]"
242,"[[0, 1, 0, 0], [0, 0, 1, 0], [0, 0, 0, 1]]","[-0.06379518657922745, -0.06379518657922745, -0.06379518657922745]","[0, 1, 0, 0]","[0, 1, 1, 0]"
243,"[[0, 0, 1, 0], [0, 0, 0, 1]]","[-0.0638049989938736, -0.0638049989938736]","[0, 0, 1, 0]","[0, 0, 1, 0]"
244,"[[1, 0, 0, 0], [0, 1, 0, 0], [0, 0, 1, 0], [0, 0, 0, 1]]","[-0.06381483376026154, -0.06381483376026154, -0.06381483376026154, -0.06381483376026154]","[1, 0, 0, 0]","[0, 1, 1, 0]"
245,"[[0, 1, 0, 0], [0, 0, 1, 0], [0, 0, 0, 1]]","[-0.06382456421852112, -0.06382456421852112, -0.06382456421852112]","[0, 1, 0, 0]","[0, 1, 1, 0]"
246,"[[0, 0, 1, 0], [0, 0, 0, 1]]","[-0.06383443623781204, -0.06383443623781204]","[0, 0, 1, 0]","[0, 0, 1, 0]"
247,"[[1, 0, 0, 0], [0, 1, 0, 0], [0, 0, 1, 0], [0, 0, 0, 1]]","[-0.06384432315826416, -0.06384432315826416, -0.06384432315826416, -0.06384432315826416]","[1, 0, 0, 0]","[0, 1, 1, 0]"
248,"[[0, 1, 0, 0], [0, 0, 1, 0], [0, 0, 0, 1]]","[-0.06385443359613419, -0.06385443359613419, -0.06385443359613419]","[0, 1, 0, 0]","[0, 1, 1, 0]"
249,"[[0, 0, 1, 0], [0, 0, 0, 1]]","[-0.06386454403400421, -0.06386454403400421]","[0, 0, 1, 0]","[0, 0, 1, 0]"
250,"[[1, 0, 0, 0], [0, 1, 0, 0], [0, 0, 1, 0], [0, 0, 0, 1]]","[-0.06387484818696976, -0.06387484818696976, -0.06387484818696976, -0.06387484818696976]","[1, 0, 0, 0]","[0, 1, 1, 0]"
251,"[[0, 1, 0, 0], [0, 0, 1, 0], [0, 0, 0, 1]]","[-0.06388525664806366, -0.06388525664806366, -0.06388525664806366]","[0, 1, 0, 0]","[0, 1, 1, 0]"
252,"[[0, 0, 1, 0], [0, 0, 0, 1]]","[-0.06389552354812622, -0.06389552354812622]","[0, 0, 1, 0]","[0, 0, 1, 0]"
253,"[[1, 0, 0, 0], [0, 1, 0, 0], [0, 0, 1, 0], [0, 0, 0, 1]]","[-0.0639057382941246, -0.0639057382941246, -0.0639057382941246, -0.0639057382941246]","[1, 0, 0, 0]","[0, 1, 1, 0]"
254,"[[0, 1, 0, 0], [0, 0, 1, 0], [0, 0, 0, 1]]","[-0.06391593813896179, -0.06391593813896179, -0.06391593813896179]","[0, 1, 0, 0]","[0, 1, 1, 0]"
255,"[[0, 0, 1, 0], [0, 0, 0, 1]]","[-0.06392617523670197, -0.06392617523670197]","[0, 0, 1, 0]","[0, 0, 1, 0]"
256,"[[1, 0, 0, 0], [0, 1, 0, 0], [0, 0, 1, 0], [0, 0, 0, 1]]","[-0.06393638998270035, -0.06393638998270035, -0.06393638998270035, -0.06393638998270035]","[1, 0, 0, 0]","[0, 1, 1, 0]"
257,"[[0, 1, 0, 0], [0, 0, 1, 0], [0, 0, 0, 1]]","[-0.06394664198160172, -0.06394664198160172, -0.06394664198160172]","[0, 1, 0, 0]","[0, 1, 1, 0]"
258,"[[0, 0, 1, 0], [0, 0, 0, 1]]","[-0.06395699828863144, -0.06395699828863144]","[0, 0, 1, 0]","[0, 0, 1, 0]"
259,"[[1, 0, 0, 0], [0, 1, 0, 0], [0, 0, 1, 0], [0, 0, 0, 1]]","[-0.06396742165088654, -0.06396742165088654, -0.06396742165088654, -0.06396742165088654]","[1, 0, 0, 0]","[0, 1, 1, 0]"
260,"[[0, 1, 0, 0], [0, 0, 1, 0], [0, 0, 0, 1]]","[-0.06397780776023865, -0.06397780776023865, -0.06397780776023865]","[0, 1, 0, 0]","[0, 1, 1, 0]"
261,"[[0, 0, 1, 0], [0, 0, 0, 1]]","[-0.0639880821108818, -0.0639880821108818]","[0, 0, 1, 0]","[0, 0, 1, 0]"
262,"[[1, 0, 0, 0], [0, 1, 0, 0], [0, 0, 1, 0], [0, 0, 0, 1]]","[-0.06399845331907272, -0.06399845331907272, -0.06399845331907272, -0.06399845331907272]","[1, 0, 0, 0]","[0, 1, 1, 0]"
263,"[[0, 1, 0, 0], [0, 0, 1, 0], [0, 0, 0, 1]]","[-0.06400899589061737, -0.06400899589061737, -0.06400899589061737]","[0, 1, 0, 0]","[0, 1, 1, 0]"
264,"[[0, 0, 1, 0], [0, 0, 0, 1]]","[-0.06401948630809784, -0.06401948630809784]","[0, 0, 1, 0]","[0, 0, 1, 0]"
265,"[[1, 0, 0, 0], [0, 1, 0, 0], [0, 0, 1, 0], [0, 0, 0, 1]]","[-0.06403008103370667, -0.06403008103370667, -0.06403008103370667, -0.06403008103370667]","[1, 0, 0, 0]","[0, 1, 1, 0]"
266,"[[0, 1, 0, 0], [0, 0, 1, 0], [0, 0, 0, 1]]","[-0.06404059380292892, -0.06404059380292892, -0.06404059380292892]","[0, 1, 0, 0]","[0, 1, 1, 0]"
267,"[[0, 0, 1, 0], [0, 0, 0, 1]]","[-0.06405118107795715, -0.06405118107795715]","[0, 0, 1, 0]","[0, 0, 1, 0]"
268,"[[1, 0, 0, 0], [0, 1, 0, 0], [0, 0, 1, 0], [0, 0, 0, 1]]","[-0.06406186521053314, -0.06406186521053314, -0.06406186521053314, -0.06406186521053314]","[1, 0, 0, 0]","[0, 1, 1, 0]"
269,"[[0, 1, 0, 0], [0, 0, 1, 0], [0, 0, 0, 1]]","[-0.0640721395611763, -0.0640721395611763, -0.0640721395611763]","[0, 1, 0, 0]","[0, 1, 1, 0]"
270,"[[0, 0, 1, 0], [0, 0, 0, 1]]","[-0.06408246606588364, -0.06408246606588364]","[0, 0, 1, 0]","[0, 0, 1, 0]"
271,"[[1, 0, 0, 0], [0, 1, 0, 0], [0, 0, 1, 0], [0, 0, 0, 1]]","[-0.06409277766942978, -0.06409277766942978, -0.06409277766942978, -0.06409277766942978]","[1, 0, 0, 0]","[0, 1, 1, 0]"
272,"[[0, 1, 0, 0], [0, 0, 1, 0], [0, 0, 0, 1]]","[-0.06410300731658936, -0.06410300731658936, -0.06410300731658936]","[0, 1, 0, 0]","[0, 1, 1, 0]"
273,"[[0, 0, 1, 0], [0, 0, 0, 1]]","[-0.06411311030387878, -0.06411311030387878]","[0, 0, 1, 0]","[0, 0, 1, 0]"
274,"[[1, 0, 0, 0], [0, 1, 0, 0], [0, 0, 1, 0], [0, 0, 0, 1]]","[-0.06412332504987717, -0.06412332504987717, -0.06412332504987717, -0.06412332504987717]","[1, 0, 0, 0]","[0, 1, 1, 0]"
275,"[[0, 1, 0, 0], [0, 0, 1, 0], [0, 0, 0, 1]]","[-0.0641336515545845, -0.0641336515545845, -0.0641336515545845]","[0, 1, 0, 0]","[0, 1, 1, 0]"
276,"[[0, 0, 1, 0], [0, 0, 0, 1]]","[-0.06414414942264557, -0.06414414942264557]","[0, 0, 1, 0]","[0, 0, 1, 0]"
277,"[[1, 0, 0, 0], [0, 1, 0, 0], [0, 0, 1, 0], [0, 0, 0, 1]]","[-0.06415459513664246, -0.06415459513664246, -0.06415459513664246, -0.06415459513664246]","[1, 0, 0, 0]","[0, 1, 1, 0]"
278,"[[0, 1, 0, 0], [0, 0, 1, 0], [0, 0, 0, 1]]","[-0.06416509300470352, -0.06416509300470352, -0.06416509300470352]","[0, 1, 0, 0]","[0, 1, 1, 0]"
279,"[[0, 0, 1, 0], [0, 0, 0, 1]]","[-0.06417567282915115, -0.06417567282915115]","[0, 0, 1, 0]","[0, 0, 1, 0]"
280,"[[1, 0, 0, 0], [0, 1, 0, 0], [0, 0, 1, 0], [0, 0, 0, 1]]","[-0.06418618559837341, -0.06418618559837341, -0.06418618559837341, -0.06418618559837341]","[1, 0, 0, 0]","[0, 1, 1, 0]"
281,"[[0, 1, 0, 0], [0, 0, 1, 0], [0, 0, 0, 1]]","[-0.06419645994901657, -0.06419645994901657, -0.06419645994901657]","[0, 1, 0, 0]","[0, 1, 1, 0]"
282,"[[0, 0, 1, 0], [0, 0, 0, 1]]","[-0.06420694291591644, -0.06420694291591644]","[0, 0, 1, 0]","[0, 0, 1, 0]"
283,"[[1, 0, 0, 0], [0, 1, 0, 0], [0, 0, 1, 0], [0, 0, 0, 1]]","[-0.06421757489442825, -0.06421757489442825, -0.06421757489442825, -0.06421757489442825]","[1, 0, 0, 0]","[0, 1, 1, 0]"
284,"[[0, 1, 0, 0], [0, 0, 1, 0], [0, 0, 0, 1]]","[-0.06422828882932663, -0.06422828882932663, -0.06422828882932663]","[0, 1, 0, 0]","[0, 1, 1, 0]"
285,"[[0, 0, 1, 0], [0, 0, 0, 1]]","[-0.06423885375261307, -0.06423885375261307]","[0, 0, 1, 0]","[0, 0, 1, 0]"
286,"[[1, 0, 0, 0], [0, 1, 0, 0], [0, 0, 1, 0], [0, 0, 0, 1]]","[-0.0642494261264801, -0.0642494261264801, -0.0642494261264801, -0.0642494261264801]","[1, 0, 0, 0]","[0, 1, 1, 0]"
287,"[[0, 1, 0, 0], [0, 0, 1, 0], [0, 0, 0, 1]]","[-0.06425991654396057, -0.06425991654396057, -0.06425991654396057]","[0, 1, 0, 0]","[0, 1, 1, 0]"
288,"[[0, 0, 1, 0], [0, 0, 0, 1]]","[-0.0642705038189888, -0.0642705038189888]","[0, 0, 1, 0]","[0, 0, 1, 0]"
289,"[[1, 0, 0, 0], [0, 1, 0, 0], [0, 0, 1, 0], [0, 0, 0, 1]]","[-0.06428086757659912, -0.06428086757659912, -0.06428086757659912, -0.06428086757659912]","[1, 0, 0, 0]","[0, 1, 1, 0]"
290,"[[0, 1, 0, 0], [0, 0, 1, 0], [0, 0, 0, 1]]","[-0.06429129093885422, -0.06429129093885422, -0.06429129093885422]","[0, 1, 0, 0]","[0, 1, 1, 0]"
291,"[[0, 0, 1, 0], [0, 0, 0, 1]]","[-0.06430164724588394, -0.06430164724588394]","[0, 0, 1, 0]","[0, 0, 1, 0]"
292,"[[1, 0, 0, 0], [0, 1, 0, 0], [0, 0, 1, 0], [0, 0, 0, 1]]","[-0.06431172043085098, -0.06431172043085098, -0.06431172043085098, -0.06431172043085098]","[1, 0, 0, 0]","[0, 1, 1, 0]"
293,"[[0, 1, 0, 0], [0, 0, 1, 0], [0, 0, 0, 1]]","[-0.06432193517684937, -0.06432193517684937, -0.06432193517684937]","[0, 1, 0, 0]","[0, 1, 1, 0]"
294,"[[0, 0, 1, 0], [0, 0, 0, 1]]","[-0.06433197110891342, -0.06433197110891342]","[0, 0, 1, 0]","[0, 0, 1, 0]"
295,"[[1, 0, 0, 0], [0, 1, 0, 0], [0, 0, 1, 0], [0, 0, 0, 1]]","[-0.06434173136949539, -0.06434173136949539, -0.06434173136949539, -0.06434173136949539]","[1, 0, 0, 0]","[0, 1, 1, 0]"
296,"[[0, 1, 0, 0], [0, 0, 1, 0], [0, 0, 0, 1]]","[-0.06435149163007736, -0.06435149163007736, -0.06435149163007736]","[0, 1, 0, 0]","[0, 1, 1, 0]"
297,"[[0, 0, 1, 0], [0, 0, 0, 1]]","[-0.06436114013195038, -0.06436114013195038]","[0, 0, 1, 0]","[0, 0, 1, 0]"
298,"[[1, 0, 0, 0], [0, 1, 0, 0], [0, 0, 1, 0], [0, 0, 0, 1]]","[-0.0643707662820816, -0.0643707662820816, -0.0643707662820816, -0.0643707662820816]","[1, 0, 0, 0]","[0, 1, 1, 0]"
299,"[[0, 1, 0, 0], [0, 0, 1, 0], [0, 0, 0, 1]]","[-0.06438057869672775, -0.06438057869672775, -0.06438057869672775]","[0, 1, 0, 0]","[0, 1, 1, 0]"
300,"[[0, 0, 1, 0], [0, 0, 0, 1]]","[-0.0643901452422142, -0.0643901452422142]","[0, 0, 1, 0]","[0, 0, 1, 0]"

LSTM
1,"[[1, 0, 0, 0], [0, 1, 0, 0], [0, 0, 1, 0], [0, 0, 0, 1]]","[-0.06439957022666931, -0.06439957022666931, -0.06439957022666931, -0.06439957022666931]","[1, 0, 0, 0]","[0, 1, 1, 0]"
2,"[[0, 1, 0, 0], [0, 0, 1, 0], [0, 0, 0, 1]]","[-0.06439957022666931, -0.06439957022666931, -0.06439957022666931]","[0, 1, 0, 0]","[0, 1, 1, 0]"
3,"[[0, 0, 1, 0], [0, 0, 0, 1]]","[-0.06439957022666931, -0.06439957022666931]","[0, 0, 1, 0]","[0, 0, 1, 0]"
4,"[[1, 0, 0, 0], [0, 1, 0, 0], [0, 0, 1, 0], [0, 0, 0, 1]]","[-0.06439957022666931, -0.06439957022666931, -0.06439957022666931, -0.06439957022666931]","[1, 0, 0, 0]","[0, 1, 1, 0]"
5,"[[0, 1, 0, 0], [0, 0, 1, 0], [0, 0, 0, 1]]","[-0.06439957022666931, -0.06439957022666931, -0.06439957022666931]","[0, 1, 0, 0]","[0, 1, 1, 0]"
6,"[[0, 0, 1, 0], [0, 0, 0, 1]]","[-0.06439957022666931, -0.06439957022666931]","[0, 0, 1, 0]","[0, 0, 1, 0]"
7,"[[1, 0, 0, 0], [0, 1, 0, 0], [0, 0, 1, 0], [0, 0, 0, 1]]","[-0.06439957022666931, -0.06439957022666931, -0.06439957022666931, -0.06439957022666931]","[1, 0, 0, 0]","[0, 1, 1, 0]"
8,"[[0, 1, 0, 0], [0, 0, 1, 0], [0, 0, 0, 1]]","[-0.06439957022666931, -0.06439957022666931, -0.06439957022666931]","[0, 1, 0, 0]","[0, 1, 1, 0]"
9,"[[0, 0, 1, 0], [0, 0, 0, 1]]","[-0.06439957022666931, -0.06439957022666931]","[0, 0, 1, 0]","[0, 0, 1, 0]"
10,"[[1, 0, 0, 0], [0, 1, 0, 0], [0, 0, 1, 0], [0, 0, 0, 1]]","[-0.06439957022666931, -0.06439957022666931, -0.06439957022666931, -0.06439957022666931]","[1, 0, 0, 0]","[0, 1, 1, 0]"
11,"[[0, 1, 0, 0], [0, 0, 1, 0], [0, 0, 0, 1]]","[-0.06439957022666931, -0.06439957022666931, -0.06439957022666931]","[0, 1, 0, 0]","[0, 1, 1, 0]"
12,"[[0, 0, 1, 0], [0, 0, 0, 1]]","[-0.06439957022666931, -0.06439957022666931]","[0, 0, 1, 0]","[0, 0, 1, 0]"
13,"[[1, 0, 0, 0], [0, 1, 0, 0], [0, 0, 1, 0], [0, 0, 0, 1]]","[-0.06439957022666931, -0.06439957022666931, -0.06439957022666931, -0.06439957022666931]","[1, 0, 0, 0]","[0, 1, 1, 0]"
14,"[[0, 1, 0, 0], [0, 0, 1, 0], [0, 0, 0, 1]]","[-0.06439957022666931, -0.06439957022666931, -0.06439957022666931]","[0, 1, 0, 0]","[0, 1, 1, 0]"
15,"[[0, 0, 1, 0], [0, 0, 0, 1]]","[-0.06439957022666931, -0.06439957022666931]","[0, 0, 1, 0]","[0, 0, 1, 0]"
16,"[[1, 0, 0, 0], [0, 1, 0, 0], [0, 0, 1, 0], [0, 0, 0, 1]]","[-0.06439957022666931, -0.06439957022666931, -0.06439957022666931, -0.06439957022666931]","[1, 0, 0, 0]","[0, 1, 1, 0]"
17,"[[0, 1, 0, 0], [0, 0, 1, 0], [0, 0, 0, 1]]","[-0.06439957022666931, -0.06439957022666931, -0.06439957022666931]","[0, 1, 0, 0]","[0, 1, 1, 0]"
18,"[[0, 0, 1, 0], [0, 0, 0, 1]]","[-0.06439957022666931, -0.06439957022666931]","[0, 0, 1, 0]","[0, 0, 1, 0]"
19,"[[1, 0, 0, 0], [0, 1, 0, 0], [0, 0, 1, 0], [0, 0, 0, 1]]","[-0.06439957022666931, -0.06439957022666931, -0.06439957022666931, -0.06439957022666931]","[1, 0, 0, 0]","[0, 1, 1, 0]"
20,"[[0, 1, 0, 0], [0, 0, 1, 0], [0, 0, 0, 1]]","[-0.06439957022666931, -0.06439957022666931, -0.06439957022666931]","[0, 1, 0, 0]","[0, 1, 1, 0]"
21,"[[0, 0, 1, 0], [0, 0, 0, 1]]","[-0.06439957022666931, -0.06439957022666931]","[0, 0, 1, 0]","[0, 0, 1, 0]"
22,"[[1, 0, 0, 0], [0, 1, 0, 0], [0, 0, 1, 0], [0, 0, 0, 1]]","[-0.06439957022666931, -0.06439957022666931, -0.06439957022666931, -0.06439957022666931]","[1, 0, 0, 0]","[0, 1, 1, 0]"
23,"[[0, 1, 0, 0], [0, 0, 1, 0], [0, 0, 0, 1]]","[-0.06439957022666931, -0.06439957022666931, -0.06439957022666931]","[0, 1, 0, 0]","[0, 1, 1, 0]"
24,"[[0, 0, 1, 0], [0, 0, 0, 1]]","[-0.06439957022666931, -0.06439957022666931]","[0, 0, 1, 0]","[0, 0, 1, 0]"
25,"[[1, 0, 0, 0], [0, 1, 0, 0], [0, 0, 1, 0], [0, 0, 0, 1]]","[-0.06439957022666931, -0.06439957022666931, -0.06439957022666931, -0.06439957022666931]","[1, 0, 0, 0]","[0, 1, 1, 0]"
26,"[[0, 1, 0, 0], [0, 0, 1, 0], [0, 0, 0, 1]]","[-0.06439957022666931, -0.06439957022666931, -0.06439957022666931]","[0, 1, 0, 0]","[0, 1, 1, 0]"
27,"[[0, 0, 1, 0], [0, 0, 0, 1]]","[-0.06439957022666931, -0.06439957022666931]","[0, 0, 1, 0]","[0, 0, 1, 0]"
28,"[[1, 0, 0, 0], [0, 1, 0, 0], [0, 0, 1, 0], [0, 0, 0, 1]]","[-0.06439957022666931, -0.06439957022666931, -0.06439957022666931, -0.06439957022666931]","[1, 0, 0, 0]","[0, 1, 1, 0]"
29,"[[0, 1, 0, 0], [0, 0, 1, 0], [0, 0, 0, 1]]","[-0.06439957022666931, -0.06439957022666931, -0.06439957022666931]","[0, 1, 0, 0]","[0, 1, 1, 0]"
30,"[[0, 0, 1, 0], [0, 0, 0, 1]]","[-0.06439957022666931, -0.06439957022666931]","[0, 0, 1, 0]","[0, 0, 1, 0]"
31,"[[1, 0, 0, 0], [0, 1, 0, 0], [0, 0, 1, 0], [0, 0, 0, 1]]","[-0.06439957022666931, -0.06439957022666931, -0.06439957022666931, -0.06439957022666931]","[1, 0, 0, 0]","[0, 1, 1, 0]"
32,"[[0, 1, 0, 0], [0, 0, 1, 0], [0, 0, 0, 1]]","[-0.06439957022666931, -0.06439957022666931, -0.06439957022666931]","[0, 1, 0, 0]","[0, 1, 1, 0]"
33,"[[0, 0, 1, 0], [0, 0, 0, 1]]","[-0.06439957022666931, -0.06439957022666931]","[0, 0, 1, 0]","[0, 0, 1, 0]"
34,"[[1, 0, 0, 0], [0, 1, 0, 0], [0, 0, 1, 0], [0, 0, 0, 1]]","[-0.06439957022666931, -0.06439957022666931, -0.06439957022666931, -0.06439957022666931]","[1, 0, 0, 0]","[0, 1, 1, 0]"
35,"[[0, 1, 0, 0], [0, 0, 1, 0], [0, 0, 0, 1]]","[-0.06439957022666931, -0.06439957022666931, -0.06439957022666931]","[0, 1, 0, 0]","[0, 1, 1, 0]"
36,"[[0, 0, 1, 0], [0, 0, 0, 1]]","[-0.06439957022666931, -0.06439957022666931]","[0, 0, 1, 0]","[0, 0, 1, 0]"
37,"[[1, 0, 0, 0], [0, 1, 0, 0], [0, 0, 1, 0], [0, 0, 0, 1]]","[-0.06439957022666931, -0.06439957022666931, -0.06439957022666931, -0.06439957022666931]","[1, 0, 0, 0]","[0, 1, 1, 0]"
38,"[[0, 1, 0, 0], [0, 0, 1, 0], [0, 0, 0, 1]]","[-0.06439957022666931, -0.06439957022666931, -0.06439957022666931]","[0, 1, 0, 0]","[0, 1, 1, 0]"
39,"[[0, 0, 1, 0], [0, 0, 0, 1]]","[-0.06439957022666931, -0.06439957022666931]","[0, 0, 1, 0]","[0, 0, 1, 0]"
40,"[[1, 0, 0, 0], [0, 1, 0, 0], [0, 0, 1, 0], [0, 0, 0, 1]]","[-0.06439957022666931, -0.06439957022666931, -0.06439957022666931, -0.06439957022666931]","[1, 0, 0, 0]","[0, 1, 1, 0]"
41,"[[0, 1, 0, 0], [0, 0, 1, 0], [0, 0, 0, 1]]","[-0.06439957022666931, -0.06439957022666931, -0.06439957022666931]","[0, 1, 0, 0]","[0, 1, 1, 0]"
42,"[[0, 0, 1, 0], [0, 0, 0, 1]]","[-0.06439957022666931, -0.06439957022666931]","[0, 0, 1, 0]","[0, 0, 1, 0]"
43,"[[1, 0, 0, 0], [0, 1, 0, 0], [0, 0, 1, 0], [0, 0, 0, 1]]","[-0.06439957022666931, -0.06439957022666931, -0.06439957022666931, -0.06439957022666931]","[1, 0, 0, 0]","[0, 1, 1, 0]"
44,"[[0, 1, 0, 0], [0, 0, 1, 0], [0, 0, 0, 1]]","[-0.06439957022666931, -0.06439957022666931, -0.06439957022666931]","[0, 1, 0, 0]","[0, 1, 1, 0]"
45,"[[0, 0, 1, 0], [0, 0, 0, 1]]","[-0.06439957022666931, -0.06439957022666931]","[0, 0, 1, 0]","[0, 0, 1, 0]"
46,"[[1, 0, 0, 0], [0, 1, 0, 0], [0, 0, 1, 0], [0, 0, 0, 1]]","[-0.06439957022666931, -0.06439957022666931, -0.06439957022666931, -0.06439957022666931]","[1, 0, 0, 0]","[0, 1, 1, 0]"
47,"[[0, 1, 0, 0], [0, 0, 1, 0], [0, 0, 0, 1]]","[-0.06439957022666931, -0.06439957022666931, -0.06439957022666931]","[0, 1, 0, 0]","[0, 1, 1, 0]"
48,"[[0, 0, 1, 0], [0, 0, 0, 1]]","[-0.06439957022666931, -0.06439957022666931]","[0, 0, 1, 0]","[0, 0, 1, 0]"
49,"[[1, 0, 0, 0], [0, 1, 0, 0], [0, 0, 1, 0], [0, 0, 0, 1]]","[-0.06439957022666931, -0.06439957022666931, -0.06439957022666931, -0.06439957022666931]","[1, 0, 0, 0]","[0, 1, 1, 0]"
50,"[[0, 1, 0, 0], [0, 0, 1, 0], [0, 0, 0, 1]]","[-0.06439957022666931, -0.06439957022666931, -0.06439957022666931]","[0, 1, 0, 0]","[0, 1, 1, 0]"
51,"[[0, 0, 1, 0], [0, 0, 0, 1]]","[-0.06440956890583038, -0.06440956890583038]","[0, 0, 1, 0]","[0, 0, 1, 0]"
52,"[[1, 0, 0, 0], [0, 1, 0, 0], [0, 0, 1, 0], [0, 0, 0, 1]]","[-0.06441958248615265, -0.06441958248615265, -0.06441958248615265, -0.06441958248615265]","[1, 0, 0, 0]","[0, 1, 1, 0]"
53,"[[0, 1, 0, 0], [0, 0, 1, 0], [0, 0, 0, 1]]","[-0.06442958116531372, -0.06442958116531372, -0.06442958116531372]","[0, 1, 0, 0]","[0, 1, 1, 0]"
54,"[[0, 0, 1, 0], [0, 0, 0, 1]]","[-0.06443957984447479, -0.06443957984447479]","[0, 0, 1, 0]","[0, 0, 1, 0]"
55,"[[1, 0, 0, 0], [0, 1, 0, 0], [0, 0, 1, 0], [0, 0, 0, 1]]","[-0.06444952636957169, -0.06444952636957169, -0.06444952636957169, -0.06444952636957169]","[1, 0, 0, 0]","[0, 1, 1, 0]"
56,"[[0, 1, 0, 0], [0, 0, 1, 0], [0, 0, 0, 1]]","[-0.06445948034524918, -0.06445948034524918, -0.06445948034524918]","[0, 1, 0, 0]","[0, 1, 1, 0]"
57,"[[0, 0, 1, 0], [0, 0, 0, 1]]","[-0.06446947157382965, -0.06446947157382965]","[0, 0, 1, 0]","[0, 0, 1, 0]"
58,"[[1, 0, 0, 0], [0, 1, 0, 0], [0, 0, 1, 0], [0, 0, 0, 1]]","[-0.06447944045066833, -0.06447944045066833, -0.06447944045066833, -0.06447944045066833]","[1, 0, 0, 0]","[0, 1, 1, 0]"
59,"[[0, 1, 0, 0], [0, 0, 1, 0], [0, 0, 0, 1]]","[-0.0644894689321518, -0.0644894689321518, -0.0644894689321518]","[0, 1, 0, 0]","[0, 1, 1, 0]"
60,"[[0, 0, 1, 0], [0, 0, 0, 1]]","[-0.06449949741363525, -0.06449949741363525]","[0, 0, 1, 0]","[0, 0, 1, 0]"
61,"[[1, 0, 0, 0], [0, 1, 0, 0], [0, 0, 1, 0], [0, 0, 0, 1]]","[-0.06450957804918289, -0.06450957804918289, -0.06450957804918289, -0.06450957804918289]","[1, 0, 0, 0]","[0, 1, 1, 0]"
62,"[[0, 1, 0, 0], [0, 0, 1, 0], [0, 0, 0, 1]]","[-0.06451961398124695, -0.06451961398124695, -0.06451961398124695]","[0, 1, 0, 0]","[0, 1, 1, 0]"
63,"[[0, 0, 1, 0], [0, 0, 0, 1]]","[-0.064529649913311, -0.064529649913311]","[0, 0, 1, 0]","[0, 0, 1, 0]"
64,"[[1, 0, 0, 0], [0, 1, 0, 0], [0, 0, 1, 0], [0, 0, 0, 1]]","[-0.06453972309827805, -0.06453972309827805, -0.06453972309827805, -0.06453972309827805]","[1, 0, 0, 0]","[0, 1, 1, 0]"
65,"[[0, 1, 0, 0], [0, 0, 1, 0], [0, 0, 0, 1]]","[-0.06454972177743912, -0.06454972177743912, -0.06454972177743912]","[0, 1, 0, 0]","[0, 1, 1, 0]"
66,"[[0, 0, 1, 0], [0, 0, 0, 1]]","[-0.06455979496240616, -0.06455979496240616]","[0, 0, 1, 0]","[0, 0, 1, 0]"
67,"[[1, 0, 0, 0], [0, 1, 0, 0], [0, 0, 1, 0], [0, 0, 0, 1]]","[-0.06456983834505081, -0.06456983834505081, -0.06456983834505081, -0.06456983834505081]","[1, 0, 0, 0]","[0, 1, 1, 0]"
68,"[[0, 1, 0, 0], [0, 0, 1, 0], [0, 0, 0, 1]]","[-0.06457992643117905, -0.06457992643117905, -0.06457992643117905]","[0, 1, 0, 0]","[0, 1, 1, 0]"
69,"[[0, 0, 1, 0], [0, 0, 0, 1]]","[-0.0645899772644043, -0.0645899772644043]","[0, 0, 1, 0]","[0, 0, 1, 0]"
70,"[[1, 0, 0, 0], [0, 1, 0, 0], [0, 0, 1, 0], [0, 0, 0, 1]]","[-0.06460002064704895, -0.06460002064704895, -0.06460002064704895, -0.06460002064704895]","[1, 0, 0, 0]","[0, 1, 1, 0]"
71,"[[0, 1, 0, 0], [0, 0, 1, 0], [0, 0, 0, 1]]","[-0.06460995972156525, -0.06460995972156525, -0.06460995972156525]","[0, 1, 0, 0]","[0, 1, 1, 0]"
72,"[[0, 0, 1, 0], [0, 0, 0, 1]]","[-0.06461995840072632, -0.06461995840072632]","[0, 0, 1, 0]","[0, 0, 1, 0]"
73,"[[1, 0, 0, 0], [0, 1, 0, 0], [0, 0, 1, 0], [0, 0, 0, 1]]","[-0.06463000923395157, -0.06463000923395157, -0.06463000923395157, -0.06463000923395157]","[1, 0, 0, 0]","[0, 1, 1, 0]"
74,"[[0, 1, 0, 0], [0, 0, 1, 0], [0, 0, 0, 1]]","[-0.06463997066020966, -0.06463997066020966, -0.06463997066020966]","[0, 1, 0, 0]","[0, 1, 1, 0]"
75,"[[0, 0, 1, 0], [0, 0, 0, 1]]","[-0.06464995443820953, -0.06464995443820953]","[0, 0, 1, 0]","[0, 0, 1, 0]"
76,"[[1, 0, 0, 0], [0, 1, 0, 0], [0, 0, 1, 0], [0, 0, 0, 1]]","[-0.06465990096330643, -0.06465990096330643, -0.06465990096330643, -0.06465990096330643]","[1, 0, 0, 0]","[0, 1, 1, 0]"
77,"[[0, 1, 0, 0], [0, 0, 1, 0], [0, 0, 0, 1]]","[-0.06466983258724213, -0.06466983258724213, -0.06466983258724213]","[0, 1, 0, 0]","[0, 1, 1, 0]"
78,"[[0, 0, 1, 0], [0, 0, 0, 1]]","[-0.06467974931001663, -0.06467974931001663]","[0, 0, 1, 0]","[0, 0, 1, 0]"
79,"[[1, 0, 0, 0], [0, 1, 0, 0], [0, 0, 1, 0], [0, 0, 0, 1]]","[-0.0646897703409195, -0.0646897703409195, -0.0646897703409195, -0.0646897703409195]","[1, 0, 0, 0]","[0, 1, 1, 0]"
80,"[[0, 1, 0, 0], [0, 0, 1, 0], [0, 0, 0, 1]]","[-0.06469972431659698, -0.06469972431659698, -0.06469972431659698]","[0, 1, 0, 0]","[0, 1, 1, 0]"
81,"[[0, 0, 1, 0], [0, 0, 0, 1]]","[-0.06470964848995209, -0.06470964848995209]","[0, 0, 1, 0]","[0, 0, 1, 0]"
82,"[[1, 0, 0, 0], [0, 1, 0, 0], [0, 0, 1, 0], [0, 0, 0, 1]]","[-0.06471963226795197, -0.06471963226795197, -0.06471963226795197, -0.06471963226795197]","[1, 0, 0, 0]","[0, 1, 1, 0]"
83,"[[0, 1, 0, 0], [0, 0, 1, 0], [0, 0, 0, 1]]","[-0.0647294744849205, -0.0647294744849205, -0.0647294744849205]","[0, 1, 0, 0]","[0, 1, 1, 0]"
84,"[[0, 0, 1, 0], [0, 0, 0, 1]]","[-0.06473923474550247, -0.06473923474550247]","[0, 0, 1, 0]","[0, 0, 1, 0]"
85,"[[1, 0, 0, 0], [0, 1, 0, 0], [0, 0, 1, 0], [0, 0, 0, 1]]","[-0.0647488683462143, -0.0647488683462143, -0.0647488683462143, -0.0647488683462143]","[1, 0, 0, 0]","[0, 1, 1, 0]"
86,"[[0, 1, 0, 0], [0, 0, 1, 0], [0, 0, 0, 1]]","[-0.0647585317492485, -0.0647585317492485, -0.0647585317492485]","[0, 1, 0, 0]","[0, 1, 1, 0]"
87,"[[0, 0, 1, 0], [0, 0, 0, 1]]","[-0.06476829946041107, -0.06476829946041107]","[0, 0, 1, 0]","[0, 0, 1, 0]"
88,"[[1, 0, 0, 0], [0, 1, 0, 0], [0, 0, 1, 0], [0, 0, 0, 1]]","[-0.06477803736925125, -0.06477803736925125, -0.06477803736925125, -0.06477803736925125]","[1, 0, 0, 0]","[0, 1, 1, 0]"
89,"[[0, 1, 0, 0], [0, 0, 1, 0], [0, 0, 0, 1]]","[-0.06478774547576904, -0.06478774547576904, -0.06478774547576904]","[0, 1, 0, 0]","[0, 1, 1, 0]"
90,"[[0, 0, 1, 0], [0, 0, 0, 1]]","[-0.06479749083518982, -0.06479749083518982]","[0, 0, 1, 0]","[0, 0, 1, 0]"
91,"[[1, 0, 0, 0], [0, 1, 0, 0], [0, 0, 1, 0], [0, 0, 0, 1]]","[-0.06480720639228821, -0.06480720639228821, -0.06480720639228821, -0.06480720639228821]","[1, 0, 0, 0]","[0, 1, 1, 0]"
92,"[[0, 1, 0, 0], [0, 0, 1, 0], [0, 0, 0, 1]]","[-0.06481700390577316, -0.06481700390577316, -0.06481700390577316]","[0, 1, 0, 0]","[0, 1, 1, 0]"
93,"[[0, 0, 1, 0], [0, 0, 0, 1]]","[-0.06482687592506409, -0.06482687592506409]","[0, 0, 1, 0]","[0, 0, 1, 0]"
94,"[[1, 0, 0, 0], [0, 1, 0, 0], [0, 0, 1, 0], [0, 0, 0, 1]]","[-0.06483682990074158, -0.06483682990074158, -0.06483682990074158, -0.06483682990074158]","[1, 0, 0, 0]","[0, 1, 1, 0]"
95,"[[0, 1, 0, 0], [0, 0, 1, 0], [0, 0, 0, 1]]","[-0.06484673172235489, -0.06484673172235489, -0.06484673172235489]","[0, 1, 0, 0]","[0, 1, 1, 0]"
96,"[[0, 0, 1, 0], [0, 0, 0, 1]]","[-0.06485676020383835, -0.06485676020383835]","[0, 0, 1, 0]","[0, 0, 1, 0]"
97,"[[1, 0, 0, 0], [0, 1, 0, 0], [0, 0, 1, 0], [0, 0, 0, 1]]","[-0.06486665457487106, -0.06486665457487106, -0.06486665457487106, -0.06486665457487106]","[1, 0, 0, 0]","[0, 1, 1, 0]"
98,"[[0, 1, 0, 0], [0, 0, 1, 0], [0, 0, 0, 1]]","[-0.06487654894590378, -0.06487654894590378, -0.06487654894590378]","[0, 1, 0, 0]","[0, 1, 1, 0]"
99,"[[0, 0, 1, 0], [0, 0, 0, 1]]","[-0.064886674284935, -0.064886674284935]","[0, 0, 1, 0]","[0, 0, 1, 0]"
100,"[[1, 0, 0, 0], [0, 1, 0, 0], [0, 0, 1, 0], [0, 0, 0, 1]]","[-0.06489678472280502, -0.06489678472280502, -0.06489678472280502, -0.06489678472280502]","[1, 0, 0, 0]","[0, 1, 1, 0]"
101,"[[0, 1, 0, 0], [0, 0, 1, 0], [0, 0, 0, 1]]","[-0.06490675359964371, -0.06490675359964371, -0.06490675359964371]","[0, 1, 0, 0]","[0, 1, 1, 0]"
102,"[[0, 0, 1, 0], [0, 0, 0, 1]]","[-0.06491677463054657, -0.06491677463054657]","[0, 0, 1, 0]","[0, 0, 1, 0]"
103,"[[1, 0, 0, 0], [0, 1, 0, 0], [0, 0, 1, 0], [0, 0, 0, 1]]","[-0.06492684036493301, -0.06492684036493301, -0.06492684036493301, -0.06492684036493301]","[1, 0, 0, 0]","[0, 1, 1, 0]"
104,"[[0, 1, 0, 0], [0, 0, 1, 0], [0, 0, 0, 1]]","[-0.06493694335222244, -0.06493694335222244, -0.06493694335222244]","[0, 1, 0, 0]","[0, 1, 1, 0]"
105,"[[0, 0, 1, 0], [0, 0, 0, 1]]","[-0.06494708359241486, -0.06494708359241486]","[0, 0, 1, 0]","[0, 0, 1, 0]"
106,"[[1, 0, 0, 0], [0, 1, 0, 0], [0, 0, 1, 0], [0, 0, 0, 1]]","[-0.06495709717273712, -0.06495709717273712, -0.06495709717273712, -0.06495709717273712]","[1, 0, 0, 0]","[0, 1, 1, 0]"
107,"[[0, 1, 0, 0], [0, 0, 1, 0], [0, 0, 0, 1]]","[-0.06496687978506088, -0.06496687978506088, -0.06496687978506088]","[0, 1, 0, 0]","[0, 1, 1, 0]"
108,"[[0, 0, 1, 0], [0, 0, 0, 1]]","[-0.06497666984796524, -0.06497666984796524]","[0, 0, 1, 0]","[0, 0, 1, 0]"
109,"[[1, 0, 0, 0], [0, 1, 0, 0], [0, 0, 1, 0], [0, 0, 0, 1]]","[-0.06498655676841736, -0.06498655676841736, -0.06498655676841736, -0.06498655676841736]","[1, 0, 0, 0]","[0, 1, 1, 0]"
110,"[[0, 1, 0, 0], [0, 0, 1, 0], [0, 0, 0, 1]]","[-0.06499645859003067, -0.06499645859003067, -0.06499645859003067]","[0, 1, 0, 0]","[0, 1, 1, 0]"
111,"[[0, 0, 1, 0], [0, 0, 0, 1]]","[-0.06500637531280518, -0.06500637531280518]","[0, 0, 1, 0]","[0, 0, 1, 0]"
112,"[[1, 0, 0, 0], [0, 1, 0, 0], [0, 0, 1, 0], [0, 0, 0, 1]]","[-0.06501632928848267, -0.06501632928848267, -0.06501632928848267, -0.06501632928848267]","[1, 0, 0, 0]","[0, 1, 1, 0]"
113,"[[0, 1, 0, 0], [0, 0, 1, 0], [0, 0, 0, 1]]","[-0.06502636522054672, -0.06502636522054672, -0.06502636522054672]","[0, 1, 0, 0]","[0, 1, 1, 0]"
114,"[[0, 0, 1, 0], [0, 0, 0, 1]]","[-0.06503625959157944, -0.06503625959157944]","[0, 0, 1, 0]","[0, 0, 1, 0]"
115,"[[1, 0, 0, 0], [0, 1, 0, 0], [0, 0, 1, 0], [0, 0, 0, 1]]","[-0.065046027302742, -0.065046027302742, -0.065046027302742, -0.065046027302742]","[1, 0, 0, 0]","[0, 1, 1, 0]"
116,"[[0, 1, 0, 0], [0, 0, 1, 0], [0, 0, 0, 1]]","[-0.06505580246448517, -0.06505580246448517, -0.06505580246448517]","[0, 1, 0, 0]","[0, 1, 1, 0]"
117,"[[0, 0, 1, 0], [0, 0, 0, 1]]","[-0.06506560742855072, -0.06506560742855072]","[0, 0, 1, 0]","[0, 0, 1, 0]"
118,"[[1, 0, 0, 0], [0, 1, 0, 0], [0, 0, 1, 0], [0, 0, 0, 1]]","[-0.06507536768913269, -0.06507536768913269, -0.06507536768913269, -0.06507536768913269]","[1, 0, 0, 0]","[0, 1, 1, 0]"
119,"[[0, 1, 0, 0], [0, 0, 1, 0], [0, 0, 0, 1]]","[-0.06508520990610123, -0.06508520990610123, -0.06508520990610123]","[0, 1, 0, 0]","[0, 1, 1, 0]"
120,"[[0, 0, 1, 0], [0, 0, 0, 1]]","[-0.06509514898061752, -0.06509514898061752]","[0, 0, 1, 0]","[0, 0, 1, 0]"
121,"[[1, 0, 0, 0], [0, 1, 0, 0], [0, 0, 1, 0], [0, 0, 0, 1]]","[-0.06510502845048904, -0.06510502845048904, -0.06510502845048904, -0.06510502845048904]","[1, 0, 0, 0]","[0, 1, 1, 0]"
122,"[[0, 1, 0, 0], [0, 0, 1, 0], [0, 0, 0, 1]]","[-0.06511485576629639, -0.06511485576629639, -0.06511485576629639]","[0, 1, 0, 0]","[0, 1, 1, 0]"
123,"[[0, 0, 1, 0], [0, 0, 0, 1]]","[-0.06512461602687836, -0.06512461602687836]","[0, 0, 1, 0]","[0, 0, 1, 0]"
124,"[[1, 0, 0, 0], [0, 1, 0, 0], [0, 0, 1, 0], [0, 0, 0, 1]]","[-0.06513457000255585, -0.06513457000255585, -0.06513457000255585, -0.06513457000255585]","[1, 0, 0, 0]","[0, 1, 1, 0]"
125,"[[0, 1, 0, 0], [0, 0, 1, 0], [0, 0, 0, 1]]","[-0.06514446437358856, -0.06514446437358856, -0.06514446437358856]","[0, 1, 0, 0]","[0, 1, 1, 0]"
126,"[[0, 0, 1, 0], [0, 0, 0, 1]]","[-0.06515440344810486, -0.06515440344810486]","[0, 0, 1, 0]","[0, 0, 1, 0]"
127,"[[1, 0, 0, 0], [0, 1, 0, 0], [0, 0, 1, 0], [0, 0, 0, 1]]","[-0.0651644766330719, -0.0651644766330719, -0.0651644766330719, -0.0651644766330719]","[1, 0, 0, 0]","[0, 1, 1, 0]"
128,"[[0, 1, 0, 0], [0, 0, 1, 0], [0, 0, 0, 1]]","[-0.06517461687326431, -0.06517461687326431, -0.06517461687326431]","[0, 1, 0, 0]","[0, 1, 1, 0]"
129,"[[0, 0, 1, 0], [0, 0, 0, 1]]","[-0.06518460065126419, -0.06518460065126419]","[0, 0, 1, 0]","[0, 0, 1, 0]"
130,"[[1, 0, 0, 0], [0, 1, 0, 0], [0, 0, 1, 0], [0, 0, 0, 1]]","[-0.06519444286823273, -0.06519444286823273, -0.06519444286823273, -0.06519444286823273]","[1, 0, 0, 0]","[0, 1, 1, 0]"
131,"[[0, 1, 0, 0], [0, 0, 1, 0], [0, 0, 0, 1]]","[-0.06520435959100723, -0.06520435959100723, -0.06520435959100723]","[0, 1, 0, 0]","[0, 1, 1, 0]"
132,"[[0, 0, 1, 0], [0, 0, 0, 1]]","[-0.06521429121494293, -0.06521429121494293]","[0, 0, 1, 0]","[0, 0, 1, 0]"
133,"[[1, 0, 0, 0], [0, 1, 0, 0], [0, 0, 1, 0], [0, 0, 0, 1]]","[-0.06522414088249207, -0.06522414088249207, -0.06522414088249207, -0.06522414088249207]","[1, 0, 0, 0]","[0, 1, 1, 0]"
134,"[[0, 1, 0, 0], [0, 0, 1, 0], [0, 0, 0, 1]]","[-0.06523413211107254, -0.06523413211107254, -0.06523413211107254]","[0, 1, 0, 0]","[0, 1, 1, 0]"
135,"[[0, 0, 1, 0], [0, 0, 0, 1]]","[-0.06524430215358734, -0.06524430215358734]","[0, 0, 1, 0]","[0, 0, 1, 0]"
136,"[[1, 0, 0, 0], [0, 1, 0, 0], [0, 0, 1, 0], [0, 0, 0, 1]]","[-0.06525445729494095, -0.06525445729494095, -0.06525445729494095, -0.06525445729494095]","[1, 0, 0, 0]","[0, 1, 1, 0]"
137,"[[0, 1, 0, 0], [0, 0, 1, 0], [0, 0, 0, 1]]","[-0.06526440382003784, -0.06526440382003784, -0.06526440382003784]","[0, 1, 0, 0]","[0, 1, 1, 0]"
138,"[[0, 0, 1, 0], [0, 0, 0, 1]]","[-0.06527434289455414, -0.06527434289455414]","[0, 0, 1, 0]","[0, 0, 1, 0]"
139,"[[1, 0, 0, 0], [0, 1, 0, 0], [0, 0, 1, 0], [0, 0, 0, 1]]","[-0.06528428941965103, -0.06528428941965103, -0.06528428941965103, -0.06528428941965103]","[1, 0, 0, 0]","[0, 1, 1, 0]"
140,"[[0, 1, 0, 0], [0, 0, 1, 0], [0, 0, 0, 1]]","[-0.06529414653778076, -0.06529414653778076, -0.06529414653778076]","[0, 1, 0, 0]","[0, 1, 1, 0]"
141,"[[0, 0, 1, 0], [0, 0, 0, 1]]","[-0.06530390679836273, -0.06530390679836273]","[0, 0, 1, 0]","[0, 0, 1, 0]"
142,"[[1, 0, 0, 0], [0, 1, 0, 0], [0, 0, 1, 0], [0, 0, 0, 1]]","[-0.06531374901533127, -0.06531374901533127, -0.06531374901533127, -0.06531374901533127]","[1, 0, 0, 0]","[0, 1, 1, 0]"
143,"[[0, 1, 0, 0], [0, 0, 1, 0], [0, 0, 0, 1]]","[-0.06532344222068787, -0.06532344222068787, -0.06532344222068787]","[0, 1, 0, 0]","[0, 1, 1, 0]"
144,"[[0, 0, 1, 0], [0, 0, 0, 1]]","[-0.06533319503068924, -0.06533319503068924]","[0, 0, 1, 0]","[0, 0, 1, 0]"
145,"[[1, 0, 0, 0], [0, 1, 0, 0], [0, 0, 1, 0], [0, 0, 0, 1]]","[-0.06534312665462494, -0.06534312665462494, -0.06534312665462494, -0.06534312665462494]","[1, 0, 0, 0]","[0, 1, 1, 0]"
146,"[[0, 1, 0, 0], [0, 0, 1, 0], [0, 0, 0, 1]]","[-0.06535295397043228, -0.06535295397043228, -0.06535295397043228]","[0, 1, 0, 0]","[0, 1, 1, 0]"
147,"[[0, 0, 1, 0], [0, 0, 0, 1]]","[-0.06536278128623962, -0.06536278128623962]","[0, 0, 1, 0]","[0, 0, 1, 0]"
148,"[[1, 0, 0, 0], [0, 1, 0, 0], [0, 0, 1, 0], [0, 0, 0, 1]]","[-0.0653727799654007, -0.0653727799654007, -0.0653727799654007, -0.0653727799654007]","[1, 0, 0, 0]","[0, 1, 1, 0]"
149,"[[0, 1, 0, 0], [0, 0, 1, 0], [0, 0, 0, 1]]","[-0.06538283824920654, -0.06538283824920654, -0.06538283824920654]","[0, 1, 0, 0]","[0, 1, 1, 0]"
150,"[[0, 0, 1, 0], [0, 0, 0, 1]]","[-0.06539276987314224, -0.06539276987314224]","[0, 0, 1, 0]","[0, 0, 1, 0]"
151,"[[1, 0, 0, 0], [0, 1, 0, 0], [0, 0, 1, 0], [0, 0, 0, 1]]","[-0.06540285795927048, -0.06540285795927048, -0.06540285795927048, -0.06540285795927048]","[1, 0, 0, 0]","[0, 1, 1, 0]"
152,"[[0, 1, 0, 0], [0, 0, 1, 0], [0, 0, 0, 1]]","[-0.06541289389133453, -0.06541289389133453, -0.06541289389133453]","[0, 1, 0, 0]","[0, 1, 1, 0]"
153,"[[0, 0, 1, 0], [0, 0, 0, 1]]","[-0.06542288511991501, -0.06542288511991501]","[0, 0, 1, 0]","[0, 0, 1, 0]"
154,"[[1, 0, 0, 0], [0, 1, 0, 0], [0, 0, 1, 0], [0, 0, 0, 1]]","[-0.06543273478746414, -0.06543273478746414, -0.06543273478746414, -0.06543273478746414]","[1, 0, 0, 0]","[0, 1, 1, 0]"
155,"[[0, 1, 0, 0], [0, 0, 1, 0], [0, 0, 0, 1]]","[-0.06544265896081924, -0.06544265896081924, -0.06544265896081924]","[0, 1, 0, 0]","[0, 1, 1, 0]"
156,"[[0, 0, 1, 0], [0, 0, 0, 1]]","[-0.06545265018939972, -0.06545265018939972]","[0, 0, 1, 0]","[0, 0, 1, 0]"
157,"[[1, 0, 0, 0], [0, 1, 0, 0], [0, 0, 1, 0], [0, 0, 0, 1]]","[-0.06546256691217422, -0.06546256691217422, -0.06546256691217422, -0.06546256691217422]","[1, 0, 0, 0]","[0, 1, 1, 0]"
158,"[[0, 1, 0, 0], [0, 0, 1, 0], [0, 0, 0, 1]]","[-0.06547260284423828, -0.06547260284423828, -0.06547260284423828]","[0, 1, 0, 0]","[0, 1, 1, 0]"
159,"[[0, 0, 1, 0], [0, 0, 0, 1]]","[-0.06548246741294861, -0.06548246741294861]","[0, 0, 1, 0]","[0, 0, 1, 0]"
160,"[[1, 0, 0, 0], [0, 1, 0, 0], [0, 0, 1, 0], [0, 0, 0, 1]]","[-0.06549227237701416, -0.06549227237701416, -0.06549227237701416, -0.06549227237701416]","[1, 0, 0, 0]","[0, 1, 1, 0]"
161,"[[0, 1, 0, 0], [0, 0, 1, 0], [0, 0, 0, 1]]","[-0.06550213694572449, -0.06550213694572449, -0.06550213694572449]","[0, 1, 0, 0]","[0, 1, 1, 0]"
162,"[[0, 0, 1, 0], [0, 0, 0, 1]]","[-0.06551212072372437, -0.06551212072372437]","[0, 0, 1, 0]","[0, 0, 1, 0]"
163,"[[1, 0, 0, 0], [0, 1, 0, 0], [0, 0, 1, 0], [0, 0, 0, 1]]","[-0.06552198529243469, -0.06552198529243469, -0.06552198529243469, -0.06552198529243469]","[1, 0, 0, 0]","[0, 1, 1, 0]"
164,"[[0, 1, 0, 0], [0, 0, 1, 0], [0, 0, 0, 1]]","[-0.06553192436695099, -0.06553192436695099, -0.06553192436695099]","[0, 1, 0, 0]","[0, 1, 1, 0]"
165,"[[0, 0, 1, 0], [0, 0, 0, 1]]","[-0.06554172188043594, -0.06554172188043594]","[0, 0, 1, 0]","[0, 0, 1, 0]"
166,"[[1, 0, 0, 0], [0, 1, 0, 0], [0, 0, 1, 0], [0, 0, 0, 1]]","[-0.06555134803056717, -0.06555134803056717, -0.06555134803056717, -0.06555134803056717]","[1, 0, 0, 0]","[0, 1, 1, 0]"
167,"[[0, 1, 0, 0], [0, 0, 1, 0], [0, 0, 0, 1]]","[-0.06556086987257004, -0.06556086987257004, -0.06556086987257004]","[0, 1, 0, 0]","[0, 1, 1, 0]"
168,"[[0, 0, 1, 0], [0, 0, 0, 1]]","[-0.06557037681341171, -0.06557037681341171]","[0, 0, 1, 0]","[0, 0, 1, 0]"
169,"[[1, 0, 0, 0], [0, 1, 0, 0], [0, 0, 1, 0], [0, 0, 0, 1]]","[-0.06558001786470413, -0.06558001786470413, -0.06558001786470413, -0.06558001786470413]","[1, 0, 0, 0]","[0, 1, 1, 0]"
170,"[[0, 1, 0, 0], [0, 0, 1, 0], [0, 0, 0, 1]]","[-0.06558975577354431, -0.06558975577354431, -0.06558975577354431]","[0, 1, 0, 0]","[0, 1, 1, 0]"
171,"[[0, 0, 1, 0], [0, 0, 0, 1]]","[-0.06559938192367554, -0.06559938192367554]","[0, 0, 1, 0]","[0, 0, 1, 0]"
172,"[[1, 0, 0, 0], [0, 1, 0, 0], [0, 0, 1, 0], [0, 0, 0, 1]]","[-0.06560917943716049, -0.06560917943716049, -0.06560917943716049, -0.06560917943716049]","[1, 0, 0, 0]","[0, 1, 1, 0]"
173,"[[0, 1, 0, 0], [0, 0, 1, 0], [0, 0, 0, 1]]","[-0.0656188577413559, -0.0656188577413559, -0.0656188577413559]","[0, 1, 0, 0]","[0, 1, 1, 0]"
174,"[[0, 0, 1, 0], [0, 0, 0, 1]]","[-0.06562890112400055, -0.06562890112400055]","[0, 0, 1, 0]","[0, 0, 1, 0]"
175,"[[1, 0, 0, 0], [0, 1, 0, 0], [0, 0, 1, 0], [0, 0, 0, 1]]","[-0.06563887000083923, -0.06563887000083923, -0.06563887000083923, -0.06563887000083923]","[1, 0, 0, 0]","[0, 1, 1, 0]"
176,"[[0, 1, 0, 0], [0, 0, 1, 0], [0, 0, 0, 1]]","[-0.06564875692129135, -0.06564875692129135, -0.06564875692129135]","[0, 1, 0, 0]","[0, 1, 1, 0]"
177,"[[0, 0, 1, 0], [0, 0, 0, 1]]","[-0.06565876305103302, -0.06565876305103302]","[0, 0, 1, 0]","[0, 0, 1, 0]"
178,"[[1, 0, 0, 0], [0, 1, 0, 0], [0, 0, 1, 0], [0, 0, 0, 1]]","[-0.06566867232322693, -0.06566867232322693, -0.06566867232322693, -0.06566867232322693]","[1, 0, 0, 0]","[0, 1, 1, 0]"
179,"[[0, 1, 0, 0], [0, 0, 1, 0], [0, 0, 0, 1]]","[-0.06567844748497009, -0.06567844748497009, -0.06567844748497009]","[0, 1, 0, 0]","[0, 1, 1, 0]"
180,"[[0, 0, 1, 0], [0, 0, 0, 1]]","[-0.06568820774555206, -0.06568820774555206]","[0, 0, 1, 0]","[0, 0, 1, 0]"
181,"[[1, 0, 0, 0], [0, 1, 0, 0], [0, 0, 1, 0], [0, 0, 0, 1]]","[-0.06569812446832657, -0.06569812446832657, -0.06569812446832657, -0.06569812446832657]","[1, 0, 0, 0]","[0, 1, 1, 0]"
182,"[[0, 1, 0, 0], [0, 0, 1, 0], [0, 0, 0, 1]]","[-0.06570808589458466, -0.06570808589458466, -0.06570808589458466]","[0, 1, 0, 0]","[0, 1, 1, 0]"
183,"[[0, 0, 1, 0], [0, 0, 0, 1]]","[-0.06571793556213379, -0.06571793556213379]","[0, 0, 1, 0]","[0, 0, 1, 0]"
184,"[[1, 0, 0, 0], [0, 1, 0, 0], [0, 0, 1, 0], [0, 0, 0, 1]]","[-0.06572785973548889, -0.06572785973548889, -0.06572785973548889, -0.06572785973548889]","[1, 0, 0, 0]","[0, 1, 1, 0]"
185,"[[0, 1, 0, 0], [0, 0, 1, 0], [0, 0, 0, 1]]","[-0.06573767215013504, -0.06573767215013504, -0.06573767215013504]","[0, 1, 0, 0]","[0, 1, 1, 0]"
186,"[[0, 0, 1, 0], [0, 0, 0, 1]]","[-0.06574761867523193, -0.06574761867523193]","[0, 0, 1, 0]","[0, 0, 1, 0]"
187,"[[1, 0, 0, 0], [0, 1, 0, 0], [0, 0, 1, 0], [0, 0, 0, 1]]","[-0.0657573938369751, -0.0657573938369751, -0.0657573938369751, -0.0657573938369751]","[1, 0, 0, 0]","[0, 1, 1, 0]"
188,"[[0, 1, 0, 0], [0, 0, 1, 0], [0, 0, 0, 1]]","[-0.06576725840568542, -0.06576725840568542, -0.06576725840568542]","[0, 1, 0, 0]","[0, 1, 1, 0]"
189,"[[0, 0, 1, 0], [0, 0, 0, 1]]","[-0.06577737629413605, -0.06577737629413605]","[0, 0, 1, 0]","[0, 0, 1, 0]"
190,"[[1, 0, 0, 0], [0, 1, 0, 0], [0, 0, 1, 0], [0, 0, 0, 1]]","[-0.06578761339187622, -0.06578761339187622, -0.06578761339187622, -0.06578761339187622]","[1, 0, 0, 0]","[0, 1, 1, 0]"
191,"[[0, 1, 0, 0], [0, 0, 1, 0], [0, 0, 0, 1]]","[-0.06579762697219849, -0.06579762697219849, -0.06579762697219849]","[0, 1, 0, 0]","[0, 1, 1, 0]"
192,"[[0, 0, 1, 0], [0, 0, 0, 1]]","[-0.06580746918916702, -0.06580746918916702]","[0, 0, 1, 0]","[0, 0, 1, 0]"
193,"[[1, 0, 0, 0], [0, 1, 0, 0], [0, 0, 1, 0], [0, 0, 0, 1]]","[-0.06581728160381317, -0.06581728160381317, -0.06581728160381317, -0.06581728160381317]","[1, 0, 0, 0]","[0, 1, 1, 0]"
194,"[[0, 1, 0, 0], [0, 0, 1, 0], [0, 0, 0, 1]]","[-0.06582710146903992, -0.06582710146903992, -0.06582710146903992]","[0, 1, 0, 0]","[0, 1, 1, 0]"
195,"[[0, 0, 1, 0], [0, 0, 0, 1]]","[-0.06583697348833084, -0.06583697348833084]","[0, 0, 1, 0]","[0, 0, 1, 0]"
196,"[[1, 0, 0, 0], [0, 1, 0, 0], [0, 0, 1, 0], [0, 0, 0, 1]]","[-0.06584694236516953, -0.06584694236516953, -0.06584694236516953, -0.06584694236516953]","[1, 0, 0, 0]","[0, 1, 1, 0]"
197,"[[0, 1, 0, 0], [0, 0, 1, 0], [0, 0, 0, 1]]","[-0.06585682183504105, -0.06585682183504105, -0.06585682183504105]","[0, 1, 0, 0]","[0, 1, 1, 0]"
198,"[[0, 0, 1, 0], [0, 0, 0, 1]]","[-0.0658668801188469, -0.0658668801188469]","[0, 0, 1, 0]","[0, 0, 1, 0]"
199,"[[1, 0, 0, 0], [0, 1, 0, 0], [0, 0, 1, 0], [0, 0, 0, 1]]","[-0.0658770352602005, -0.0658770352602005, -0.0658770352602005, -0.0658770352602005]","[1, 0, 0, 0]","[0, 1, 1, 0]"
200,"[[0, 1, 0, 0], [0, 0, 1, 0], [0, 0, 0, 1]]","[-0.06588716059923172, -0.06588716059923172, -0.06588716059923172]","[0, 1, 0, 0]","[0, 1, 1, 0]"
201,"[[0, 0, 1, 0], [0, 0, 0, 1]]","[-0.06589733064174652, -0.06589733064174652]","[0, 0, 1, 0]","[0, 0, 1, 0]"
202,"[[1, 0, 0, 0], [0, 1, 0, 0], [0, 0, 1, 0], [0, 0, 0, 1]]","[-0.06590741872787476, -0.06590741872787476, -0.06590741872787476, -0.06590741872787476]","[1, 0, 0, 0]","[0, 1, 1, 0]"
203,"[[0, 1, 0, 0], [0, 0, 1, 0], [0, 0, 0, 1]]","[-0.06591740250587463, -0.06591740250587463, -0.06591740250587463]","[0, 1, 0, 0]","[0, 1, 1, 0]"
204,"[[0, 0, 1, 0], [0, 0, 0, 1]]","[-0.06592755019664764, -0.06592755019664764]","[0, 0, 1, 0]","[0, 0, 1, 0]"
205,"[[1, 0, 0, 0], [0, 1, 0, 0], [0, 0, 1, 0], [0, 0, 0, 1]]","[-0.06593778729438782, -0.06593778729438782, -0.06593778729438782, -0.06593778729438782]","[1, 0, 0, 0]","[0, 1, 1, 0]"
206,"[[0, 1, 0, 0], [0, 0, 1, 0], [0, 0, 0, 1]]","[-0.06594792753458023, -0.06594792753458023, -0.06594792753458023]","[0, 1, 0, 0]","[0, 1, 1, 0]"
207,"[[0, 0, 1, 0], [0, 0, 0, 1]]","[-0.06595796346664429, -0.06595796346664429]","[0, 0, 1, 0]","[0, 0, 1, 0]"
208,"[[1, 0, 0, 0], [0, 1, 0, 0], [0, 0, 1, 0], [0, 0, 0, 1]]","[-0.06596768647432327, -0.06596768647432327, -0.06596768647432327, -0.06596768647432327]","[1, 0, 0, 0]","[0, 1, 1, 0]"
209,"[[0, 1, 0, 0], [0, 0, 1, 0], [0, 0, 0, 1]]","[-0.06597749888896942, -0.06597749888896942, -0.06597749888896942]","[0, 1, 0, 0]","[0, 1, 1, 0]"
210,"[[0, 0, 1, 0], [0, 0, 0, 1]]","[-0.06598718464374542, -0.06598718464374542]","[0, 0, 1, 0]","[0, 0, 1, 0]"
211,"[[1, 0, 0, 0], [0, 1, 0, 0], [0, 0, 1, 0], [0, 0, 0, 1]]","[-0.0659969374537468, -0.0659969374537468, -0.0659969374537468, -0.0659969374537468]","[1, 0, 0, 0]","[0, 1, 1, 0]"
212,"[[0, 1, 0, 0], [0, 0, 1, 0], [0, 0, 0, 1]]","[-0.06600667536258698, -0.06600667536258698, -0.06600667536258698]","[0, 1, 0, 0]","[0, 1, 1, 0]"
213,"[[0, 0, 1, 0], [0, 0, 0, 1]]","[-0.06601662933826447, -0.06601662933826447]","[0, 0, 1, 0]","[0, 0, 1, 0]"
214,"[[1, 0, 0, 0], [0, 1, 0, 0], [0, 0, 1, 0], [0, 0, 0, 1]]","[-0.0660264864563942, -0.0660264864563942, -0.0660264864563942, -0.0660264864563942]","[1, 0, 0, 0]","[0, 1, 1, 0]"
215,"[[0, 1, 0, 0], [0, 0, 1, 0], [0, 0, 0, 1]]","[-0.06603634357452393, -0.06603634357452393, -0.06603634357452393]","[0, 1, 0, 0]","[0, 1, 1, 0]"
216,"[[0, 0, 1, 0], [0, 0, 0, 1]]","[-0.06604630500078201, -0.06604630500078201]","[0, 0, 1, 0]","[0, 0, 1, 0]"
217,"[[1, 0, 0, 0], [0, 1, 0, 0], [0, 0, 1, 0], [0, 0, 0, 1]]","[-0.06605622172355652, -0.06605622172355652, -0.06605622172355652, -0.06605622172355652]","[1, 0, 0, 0]","[0, 1, 1, 0]"
218,"[[0, 1, 0, 0], [0, 0, 1, 0], [0, 0, 0, 1]]","[-0.06606613099575043, -0.06606613099575043, -0.06606613099575043]","[0, 1, 0, 0]","[0, 1, 1, 0]"
219,"[[0, 0, 1, 0], [0, 0, 0, 1]]","[-0.06607582420110703, -0.06607582420110703]","[0, 0, 1, 0]","[0, 0, 1, 0]"
220,"[[1, 0, 0, 0], [0, 1, 0, 0], [0, 0, 1, 0], [0, 0, 0, 1]]","[-0.06608576327562332, -0.06608576327562332, -0.06608576327562332, -0.06608576327562332]","[1, 0, 0, 0]","[0, 1, 1, 0]"
221,"[[0, 1, 0, 0], [0, 0, 1, 0], [0, 0, 0, 1]]","[-0.06609589606523514, -0.06609589606523514, -0.06609589606523514]","[0, 1, 0, 0]","[0, 1, 1, 0]"
222,"[[0, 0, 1, 0], [0, 0, 0, 1]]","[-0.06610612571239471, -0.06610612571239471]","[0, 0, 1, 0]","[0, 0, 1, 0]"
223,"[[1, 0, 0, 0], [0, 1, 0, 0], [0, 0, 1, 0], [0, 0, 0, 1]]","[-0.06611628830432892, -0.06611628830432892, -0.06611628830432892, -0.06611628830432892]","[1, 0, 0, 0]","[0, 1, 1, 0]"
224,"[[0, 1, 0, 0], [0, 0, 1, 0], [0, 0, 0, 1]]","[-0.06612662225961685, -0.06612662225961685, -0.06612662225961685]","[0, 1, 0, 0]","[0, 1, 1, 0]"
225,"[[0, 0, 1, 0], [0, 0, 0, 1]]","[-0.06613682210445404, -0.06613682210445404]","[0, 0, 1, 0]","[0, 0, 1, 0]"
226,"[[1, 0, 0, 0], [0, 1, 0, 0], [0, 0, 1, 0], [0, 0, 0, 1]]","[-0.06614726036787033, -0.06614726036787033, -0.06614726036787033, -0.06614726036787033]","[1, 0, 0, 0]","[0, 1, 1, 0]"
227,"[[0, 1, 0, 0], [0, 0, 1, 0], [0, 0, 0, 1]]","[-0.06615766137838364, -0.06615766137838364, -0.06615766137838364]","[0, 1, 0, 0]","[0, 1, 1, 0]"
228,"[[0, 0, 1, 0], [0, 0, 0, 1]]","[-0.06616821140050888, -0.06616821140050888]","[0, 0, 1, 0]","[0, 0, 1, 0]"
229,"[[1, 0, 0, 0], [0, 1, 0, 0], [0, 0, 1, 0], [0, 0, 0, 1]]","[-0.06617867946624756, -0.06617867946624756, -0.06617867946624756, -0.06617867946624756]","[1, 0, 0, 0]","[0, 1, 1, 0]"
230,"[[0, 1, 0, 0], [0, 0, 1, 0], [0, 0, 0, 1]]","[-0.06618920713663101, -0.06618920713663101, -0.06618920713663101]","[0, 1, 0, 0]","[0, 1, 1, 0]"
231,"[[0, 0, 1, 0], [0, 0, 0, 1]]","[-0.0661996379494667, -0.0661996379494667]","[0, 0, 1, 0]","[0, 0, 1, 0]"
232,"[[1, 0, 0, 0], [0, 1, 0, 0], [0, 0, 1, 0], [0, 0, 0, 1]]","[-0.06620991975069046, -0.06620991975069046, -0.06620991975069046, -0.06620991975069046]","[1, 0, 0, 0]","[0, 1, 1, 0]"
233,"[[0, 1, 0, 0], [0, 0, 1, 0], [0, 0, 0, 1]]","[-0.06621997058391571, -0.06621997058391571, -0.06621997058391571]","[0, 1, 0, 0]","[0, 1, 1, 0]"
234,"[[0, 0, 1, 0], [0, 0, 0, 1]]","[-0.06623002141714096, -0.06623002141714096]","[0, 0, 1, 0]","[0, 0, 1, 0]"
235,"[[1, 0, 0, 0], [0, 1, 0, 0], [0, 0, 1, 0], [0, 0, 0, 1]]","[-0.06623993813991547, -0.06623993813991547, -0.06623993813991547, -0.06623993813991547]","[1, 0, 0, 0]","[0, 1, 1, 0]"
236,"[[0, 1, 0, 0], [0, 0, 1, 0], [0, 0, 0, 1]]","[-0.06624995172023773, -0.06624995172023773, -0.06624995172023773]","[0, 1, 0, 0]","[0, 1, 1, 0]"
237,"[[0, 0, 1, 0], [0, 0, 0, 1]]","[-0.06625986099243164, -0.06625986099243164]","[0, 0, 1, 0]","[0, 0, 1, 0]"
238,"[[1, 0, 0, 0], [0, 1, 0, 0], [0, 0, 1, 0], [0, 0, 0, 1]]","[-0.06626957654953003, -0.06626957654953003, -0.06626957654953003, -0.06626957654953003]","[1, 0, 0, 0]","[0, 1, 1, 0]"
239,"[[0, 1, 0, 0], [0, 0, 1, 0], [0, 0, 0, 1]]","[-0.06627940386533737, -0.06627940386533737, -0.06627940386533737]","[0, 1, 0, 0]","[0, 1, 1, 0]"
240,"[[0, 0, 1, 0], [0, 0, 0, 1]]","[-0.066289022564888, -0.066289022564888]","[0, 0, 1, 0]","[0, 0, 1, 0]"
241,"[[1, 0, 0, 0], [0, 1, 0, 0], [0, 0, 1, 0], [0, 0, 0, 1]]","[-0.06629868596792221, -0.06629868596792221, -0.06629868596792221, -0.06629868596792221]","[1, 0, 0, 0]","[0, 1, 1, 0]"
242,"[[0, 1, 0, 0], [0, 0, 1, 0], [0, 0, 0, 1]]","[-0.0663086473941803, -0.0663086473941803, -0.0663086473941803]","[0, 1, 0, 0]","[0, 1, 1, 0]"
243,"[[0, 0, 1, 0], [0, 0, 0, 1]]","[-0.06631851196289062, -0.06631851196289062]","[0, 0, 1, 0]","[0, 0, 1, 0]"
244,"[[1, 0, 0, 0], [0, 1, 0, 0], [0, 0, 1, 0], [0, 0, 0, 1]]","[-0.06632847338914871, -0.06632847338914871, -0.06632847338914871, -0.06632847338914871]","[1, 0, 0, 0]","[0, 1, 1, 0]"
245,"[[0, 1, 0, 0], [0, 0, 1, 0], [0, 0, 0, 1]]","[-0.06633828580379486, -0.06633828580379486, -0.06633828580379486]","[0, 1, 0, 0]","[0, 1, 1, 0]"
246,"[[0, 0, 1, 0], [0, 0, 0, 1]]","[-0.06634820252656937, -0.06634820252656937]","[0, 0, 1, 0]","[0, 0, 1, 0]"
247,"[[1, 0, 0, 0], [0, 1, 0, 0], [0, 0, 1, 0], [0, 0, 0, 1]]","[-0.06635815650224686, -0.06635815650224686, -0.06635815650224686, -0.06635815650224686]","[1, 0, 0, 0]","[0, 1, 1, 0]"
248,"[[0, 1, 0, 0], [0, 0, 1, 0], [0, 0, 0, 1]]","[-0.06636809557676315, -0.06636809557676315, -0.06636809557676315]","[0, 1, 0, 0]","[0, 1, 1, 0]"
249,"[[0, 0, 1, 0], [0, 0, 0, 1]]","[-0.06637804955244064, -0.06637804955244064]","[0, 0, 1, 0]","[0, 0, 1, 0]"
250,"[[1, 0, 0, 0], [0, 1, 0, 0], [0, 0, 1, 0], [0, 0, 0, 1]]","[-0.06638815999031067, -0.06638815999031067, -0.06638815999031067, -0.06638815999031067]","[1, 0, 0, 0]","[0, 1, 1, 0]"
251,"[[0, 1, 0, 0], [0, 0, 1, 0], [0, 0, 0, 1]]","[-0.06639837473630905, -0.06639837473630905, -0.06639837473630905]","[0, 1, 0, 0]","[0, 1, 1, 0]"
252,"[[0, 0, 1, 0], [0, 0, 0, 1]]","[-0.06640852242708206, -0.06640852242708206]","[0, 0, 1, 0]","[0, 0, 1, 0]"
253,"[[1, 0, 0, 0], [0, 1, 0, 0], [0, 0, 1, 0], [0, 0, 0, 1]]","[-0.06641852110624313, -0.06641852110624313, -0.06641852110624313, -0.06641852110624313]","[1, 0, 0, 0]","[0, 1, 1, 0]"
254,"[[0, 1, 0, 0], [0, 0, 1, 0], [0, 0, 0, 1]]","[-0.06642857939004898, -0.06642857939004898, -0.06642857939004898]","[0, 1, 0, 0]","[0, 1, 1, 0]"
255,"[[0, 0, 1, 0], [0, 0, 0, 1]]","[-0.06643866747617722, -0.06643866747617722]","[0, 0, 1, 0]","[0, 0, 1, 0]"
256,"[[1, 0, 0, 0], [0, 1, 0, 0], [0, 0, 1, 0], [0, 0, 0, 1]]","[-0.06644882261753082, -0.06644882261753082, -0.06644882261753082, -0.06644882261753082]","[1, 0, 0, 0]","[0, 1, 1, 0]"
257,"[[0, 1, 0, 0], [0, 0, 1, 0], [0, 0, 0, 1]]","[-0.06645902246236801, -0.06645902246236801, -0.06645902246236801]","[0, 1, 0, 0]","[0, 1, 1, 0]"
258,"[[0, 0, 1, 0], [0, 0, 0, 1]]","[-0.06646910309791565, -0.06646910309791565]","[0, 0, 1, 0]","[0, 0, 1, 0]"
259,"[[1, 0, 0, 0], [0, 1, 0, 0], [0, 0, 1, 0], [0, 0, 0, 1]]","[-0.06647899001836777, -0.06647899001836777, -0.06647899001836777, -0.06647899001836777]","[1, 0, 0, 0]","[0, 1, 1, 0]"
260,"[[0, 1, 0, 0], [0, 0, 1, 0], [0, 0, 0, 1]]","[-0.0664888396859169, -0.0664888396859169, -0.0664888396859169]","[0, 1, 0, 0]","[0, 1, 1, 0]"
261,"[[0, 0, 1, 0], [0, 0, 0, 1]]","[-0.06649879366159439, -0.06649879366159439]","[0, 0, 1, 0]","[0, 0, 1, 0]"
262,"[[1, 0, 0, 0], [0, 1, 0, 0], [0, 0, 1, 0], [0, 0, 0, 1]]","[-0.06650848686695099, -0.06650848686695099, -0.06650848686695099, -0.06650848686695099]","[1, 0, 0, 0]","[0, 1, 1, 0]"
263,"[[0, 1, 0, 0], [0, 0, 1, 0], [0, 0, 0, 1]]","[-0.06651829928159714, -0.06651829928159714, -0.06651829928159714]","[0, 1, 0, 0]","[0, 1, 1, 0]"
264,"[[0, 0, 1, 0], [0, 0, 0, 1]]","[-0.0665280818939209, -0.0665280818939209]","[0, 0, 1, 0]","[0, 0, 1, 0]"
265,"[[1, 0, 0, 0], [0, 1, 0, 0], [0, 0, 1, 0], [0, 0, 0, 1]]","[-0.06653804332017899, -0.06653804332017899, -0.06653804332017899, -0.06653804332017899]","[1, 0, 0, 0]","[0, 1, 1, 0]"
266,"[[0, 1, 0, 0], [0, 0, 1, 0], [0, 0, 0, 1]]","[-0.06654806435108185, -0.06654806435108185, -0.06654806435108185]","[0, 1, 0, 0]","[0, 1, 1, 0]"
267,"[[0, 0, 1, 0], [0, 0, 0, 1]]","[-0.06655819714069366, -0.06655819714069366]","[0, 0, 1, 0]","[0, 0, 1, 0]"
268,"[[1, 0, 0, 0], [0, 1, 0, 0], [0, 0, 1, 0], [0, 0, 0, 1]]","[-0.06656841933727264, -0.06656841933727264, -0.06656841933727264, -0.06656841933727264]","[1, 0, 0, 0]","[0, 1, 1, 0]"
269,"[[0, 1, 0, 0], [0, 0, 1, 0], [0, 0, 0, 1]]","[-0.06657854467630386, -0.06657854467630386, -0.06657854467630386]","[0, 1, 0, 0]","[0, 1, 1, 0]"
270,"[[0, 0, 1, 0], [0, 0, 0, 1]]","[-0.06658866256475449, -0.06658866256475449]","[0, 0, 1, 0]","[0, 0, 1, 0]"
271,"[[1, 0, 0, 0], [0, 1, 0, 0], [0, 0, 1, 0], [0, 0, 0, 1]]","[-0.06659861654043198, -0.06659861654043198, -0.06659861654043198, -0.06659861654043198]","[1, 0, 0, 0]","[0, 1, 1, 0]"
272,"[[0, 1, 0, 0], [0, 0, 1, 0], [0, 0, 0, 1]]","[-0.06660852581262589, -0.06660852581262589, -0.06660852581262589]","[0, 1, 0, 0]","[0, 1, 1, 0]"
273,"[[0, 0, 1, 0], [0, 0, 0, 1]]","[-0.06661844998598099, -0.06661844998598099]","[0, 0, 1, 0]","[0, 0, 1, 0]"
274,"[[1, 0, 0, 0], [0, 1, 0, 0], [0, 0, 1, 0], [0, 0, 0, 1]]","[-0.06662843376398087, -0.06662843376398087, -0.06662843376398087, -0.06662843376398087]","[1, 0, 0, 0]","[0, 1, 1, 0]"
275,"[[0, 1, 0, 0], [0, 0, 1, 0], [0, 0, 0, 1]]","[-0.06663829833269119, -0.06663829833269119, -0.06663829833269119]","[0, 1, 0, 0]","[0, 1, 1, 0]"
276,"[[0, 0, 1, 0], [0, 0, 0, 1]]","[-0.06664815545082092, -0.06664815545082092]","[0, 0, 1, 0]","[0, 0, 1, 0]"
277,"[[1, 0, 0, 0], [0, 1, 0, 0], [0, 0, 1, 0], [0, 0, 0, 1]]","[-0.06665820628404617, -0.06665820628404617, -0.06665820628404617, -0.06665820628404617]","[1, 0, 0, 0]","[0, 1, 1, 0]"
278,"[[0, 1, 0, 0], [0, 0, 1, 0], [0, 0, 0, 1]]","[-0.06666833907365799, -0.06666833907365799, -0.06666833907365799]","[0, 1, 0, 0]","[0, 1, 1, 0]"
279,"[[0, 0, 1, 0], [0, 0, 0, 1]]","[-0.06667836010456085, -0.06667836010456085]","[0, 0, 1, 0]","[0, 0, 1, 0]"
280,"[[1, 0, 0, 0], [0, 1, 0, 0], [0, 0, 1, 0], [0, 0, 0, 1]]","[-0.06668814271688461, -0.06668814271688461, -0.06668814271688461, -0.06668814271688461]","[1, 0, 0, 0]","[0, 1, 1, 0]"
281,"[[0, 1, 0, 0], [0, 0, 1, 0], [0, 0, 0, 1]]","[-0.06669805198907852, -0.06669805198907852, -0.06669805198907852]","[0, 1, 0, 0]","[0, 1, 1, 0]"
282,"[[0, 0, 1, 0], [0, 0, 0, 1]]","[-0.06670808047056198, -0.06670808047056198]","[0, 0, 1, 0]","[0, 0, 1, 0]"
283,"[[1, 0, 0, 0], [0, 1, 0, 0], [0, 0, 1, 0], [0, 0, 0, 1]]","[-0.06671818345785141, -0.06671818345785141, -0.06671818345785141, -0.06671818345785141]","[1, 0, 0, 0]","[0, 1, 1, 0]"
284,"[[0, 1, 0, 0], [0, 0, 1, 0], [0, 0, 0, 1]]","[-0.06672841310501099, -0.06672841310501099, -0.06672841310501099]","[0, 1, 0, 0]","[0, 1, 1, 0]"
285,"[[0, 0, 1, 0], [0, 0, 0, 1]]","[-0.06673868000507355, -0.06673868000507355]","[0, 0, 1, 0]","[0, 0, 1, 0]"
286,"[[1, 0, 0, 0], [0, 1, 0, 0], [0, 0, 1, 0], [0, 0, 0, 1]]","[-0.06674894690513611, -0.06674894690513611, -0.06674894690513611, -0.06674894690513611]","[1, 0, 0, 0]","[0, 1, 1, 0]"
287,"[[0, 1, 0, 0], [0, 0, 1, 0], [0, 0, 0, 1]]","[-0.06675897538661957, -0.06675897538661957, -0.06675897538661957]","[0, 1, 0, 0]","[0, 1, 1, 0]"
288,"[[0, 0, 1, 0], [0, 0, 0, 1]]","[-0.06676869094371796, -0.06676869094371796]","[0, 0, 1, 0]","[0, 0, 1, 0]"
289,"[[1, 0, 0, 0], [0, 1, 0, 0], [0, 0, 1, 0], [0, 0, 0, 1]]","[-0.0667785182595253, -0.0667785182595253, -0.0667785182595253, -0.0667785182595253]","[1, 0, 0, 0]","[0, 1, 1, 0]"
290,"[[0, 1, 0, 0], [0, 0, 1, 0], [0, 0, 0, 1]]","[-0.06678815931081772, -0.06678815931081772, -0.06678815931081772]","[0, 1, 0, 0]","[0, 1, 1, 0]"
291,"[[0, 0, 1, 0], [0, 0, 0, 1]]","[-0.06679804623126984, -0.06679804623126984]","[0, 0, 1, 0]","[0, 0, 1, 0]"
292,"[[1, 0, 0, 0], [0, 1, 0, 0], [0, 0, 1, 0], [0, 0, 0, 1]]","[-0.06680787354707718, -0.06680787354707718, -0.06680787354707718, -0.06680787354707718]","[1, 0, 0, 0]","[0, 1, 1, 0]"
293,"[[0, 1, 0, 0], [0, 0, 1, 0], [0, 0, 0, 1]]","[-0.06681761890649796, -0.06681761890649796, -0.06681761890649796]","[0, 1, 0, 0]","[0, 1, 1, 0]"
294,"[[0, 0, 1, 0], [0, 0, 0, 1]]","[-0.0668269693851471, -0.0668269693851471]","[0, 0, 1, 0]","[0, 0, 1, 0]"
295,"[[1, 0, 0, 0], [0, 1, 0, 0], [0, 0, 1, 0], [0, 0, 0, 1]]","[-0.06683661788702011, -0.06683661788702011, -0.06683661788702011, -0.06683661788702011]","[1, 0, 0, 0]","[0, 1, 1, 0]"
296,"[[0, 1, 0, 0], [0, 0, 1, 0], [0, 0, 0, 1]]","[-0.06684641540050507, -0.06684641540050507, -0.06684641540050507]","[0, 1, 0, 0]","[0, 1, 1, 0]"
297,"[[0, 0, 1, 0], [0, 0, 0, 1]]","[-0.06685642153024673, -0.06685642153024673]","[0, 0, 1, 0]","[0, 0, 1, 0]"
298,"[[1, 0, 0, 0], [0, 1, 0, 0], [0, 0, 1, 0], [0, 0, 0, 1]]","[-0.06686634570360184, -0.06686634570360184, -0.06686634570360184, -0.06686634570360184]","[1, 0, 0, 0]","[0, 1, 1, 0]"
299,"[[0, 1, 0, 0], [0, 0, 1, 0], [0, 0, 0, 1]]","[-0.06687620282173157, -0.06687620282173157, -0.06687620282173157]","[0, 1, 0, 0]","[0, 1, 1, 0]"
300,"[[0, 0, 1, 0], [0, 0, 0, 1]]","[-0.06688613444566727, -0.06688613444566727]","[0, 0, 1, 0]","[0, 0, 1, 0]"
